net,length_um
net569,975.81µm
net571,959.385µm
net546,920.98µm
net601,859.08µm
net606,830.59µm
net612,822.92µm
net577,817.86µm
net540,794.92µm
net610,793.18µm
net567,759.97µm
net573,745.82µm
net81,740.45µm
net611,708.61µm
net486,704.6µm
net3,699.52µm
net591,695.98µm
net568,687.28µm
net589,686.61µm
net542,684.555µm
net572,679.42µm
net607,678.93µm
net597,678.44µm
net579,675.69µm
net583,667.755µm
net584,660.72µm
net82,653.2µm
net570,652.83µm
net565,642.1µm
net533,641.98µm
net608,639.04µm
net614,635.22µm
net575,630.5µm
net545,627.425µm
net558,617.1µm
net158,616.82µm
net543,616.7µm
net604,616.41µm
net537,615.34µm
net562,610.22µm
net609,599.52µm
net576,598.72µm
net599,593.73µm
net550,592.82µm
net544,586.58µm
net582,586.17µm
net494,581.67µm
net564,577.79µm
net580,575.21µm
net501,572.01µm
net460,568.475µm
net618,565.34µm
net489,538.15µm
net556,535.83µm
net541,532.765µm
net490,530.41µm
net598,526.555µm
B,522.09µm
net595,521.365µm
net643,519.29µm
net110,516.07µm
net574,514.36µm
net566,512.88µm
net551,512.54µm
net555,503.72µm
net83,501.32µm
net554,499.96µm
net559,495.11µm
net585,492.28µm
net600,487.19µm
net491,486.72µm
net128,484.275µm
net553,483.51µm
net478,483.05µm
net16,483.01µm
_0120_,481.785µm
net464,476.5µm
net588,476.14µm
_0093_,475.69µm
net602,474.755µm
Inst_LUT4AB_switch_matrix.JW2BEG3,473.99µm
net592,473.875µm
net594,473.21µm
net40,471.04µm
net549,470.315µm
net496,465.96µm
_0053_,461.255µm
net55,459.26µm
_0617_,458.55µm
Inst_LUT4AB_switch_matrix.JW2BEG5,456.78µm
net122,449.425µm
net475,449.16µm
net159,447.82µm
net547,446.08µm
net560,443.52µm
net43,441.54µm
net44,441.34µm
net2,440.31µm
net151,438.76µm
net136,435.8µm
E,435.64µm
net487,433.76µm
net482,432.28µm
net480,431.69µm
net439,430.925µm
net157,428.42µm
net578,428.29µm
net521,427.72µm
net531,427.16µm
net529,424.22µm
net59,421.3µm
net453,419.45µm
net57,417.64µm
net615,417.08µm
net76,416.78µm
net100,411.865µm
net463,410.26µm
net495,410.24µm
net477,409.08µm
net35,405.28µm
net641,403.66µm
net590,403.42µm
net107,403.06µm
net171,401.82µm
net468,401.58µm
net454,401.42µm
net470,400.9µm
net456,399.3µm
net561,396.6µm
net34,393.68µm
net80,393.16µm
net32,392.32µm
net161,391.35µm
net94,390.88µm
net448,386.68µm
net138,385.415µm
net45,385.38µm
net488,385.15µm
_0192_,385.01µm
net538,384.8µm
net530,384.08µm
_0265_,384µm
net552,383.2µm
net613,383.06µm
net532,381.11µm
F,380.42µm
net452,379.72µm
net29,376.58µm
net629,375.54µm
net485,375.3µm
net418,374.665µm
net421,369.7µm
_0640_,369.5µm
net605,368.91µm
net437,368.53µm
_0653_,368.06µm
net621,366.74µm
net586,366.28µm
net109,365.81µm
net474,365.78µm
net539,363.4µm
net26,361.06µm
net465,360.64µm
net419,357.76µm
_0098_,356µm
net640,355.58µm
net513,355.2µm
Inst_LUT4AB_switch_matrix.E2BEG4,355.01µm
_0683_,354.76µm
net58,354.28µm
net445,351.36µm
net101,348.715µm
Inst_LUT4AB_switch_matrix.JN2BEG3,344.51µm
net493,344.46µm
net469,343.835µm
net563,342.675µm
net457,342.24µm
net148,341.46µm
net111,341.105µm
net500,338.46µm
net129,336.16µm
_0111_,335.29µm
net424,335.27µm
net438,335.195µm
net429,335.015µm
net441,334.545µm
net108,333.505µm
net534,330.28µm
net426,327.37µm
net131,327.165µm
Inst_LUT4AB_switch_matrix.E2BEG1,327.08µm
net27,326.44µm
net447,325.54µm
net433,325.4µm
net4,324.385µm
net25,323.49µm
net106,323.34µm
net432,322.42µm
_0522_,320.64µm
net616,320.61µm
net484,319.88µm
net617,318.99µm
net587,316.5µm
A,314.17µm
net442,313.79µm
net420,313.32µm
net638,312.92µm
net517,312.78µm
net42,312.42µm
net525,311.58µm
net24,310.96µm
net132,310.265µm
net434,309.16µm
net130,308.72µm
net137,308.61µm
net19,308.36µm
net479,308.26µm
net113,306.995µm
net91,306µm
_0130_,305.68µm
net85,304.87µm
net499,304.61µm
net467,304.33µm
net119,302.31µm
net481,301.67µm
_0044_,300.14µm
net13,298.14µm
net97,297.6µm
_0183_,295.46µm
net23,295.4µm
Inst_LUT4AB_switch_matrix.JN2BEG4,294.96µm
net459,294.685µm
net522,294.68µm
net103,293.08µm
net650,292.485µm
Inst_LUT4AB_switch_matrix.JS2BEG2,292.4µm
net118,292.29µm
net593,291.76µm
net428,290.88µm
H,288.4µm
net462,287.94µm
net135,287.03µm
net53,286.26µm
net154,284.04µm
net78,282.76µm
net596,280.93µm
Inst_LUT4AB_switch_matrix.JN2BEG2,278.87µm
net512,278.78µm
net507,278.46µm
net133,278.16µm
Inst_LUT4AB_switch_matrix.JW2BEG1,277.96µm
net444,275.545µm
net526,275.16µm
net90,274.74µm
net8,274.48µm
net143,273.51µm
net105,272.35µm
net102,270.79µm
net659,269.55µm
net471,268.98µm
net523,267.82µm
net435,267.77µm
net623,267.62µm
net162,265.945µm
net142,264.77µm
_0063_,264.52µm
net22,262.98µm
net185,262.72µm
net145,261.17µm
net71,260.98µm
Inst_LUT4AB_switch_matrix.JN2BEG6,260.6µm
net450,260.4µm
net536,259.88µm
net646,258.24µm
net431,258.19µm
net50,257.62µm
net114,256.95µm
net139,256.4µm
net425,255.475µm
Inst_LUT4AB_switch_matrix.JS2BEG1,254.93µm
net483,254.47µm
net461,253.46µm
_0043_,252.72µm
net31,252.4µm
net527,252.22µm
net518,251.65µm
net498,251.04µm
net458,250.32µm
net12,249.53µm
net423,247.9µm
net520,246.96µm
net557,246.955µm
net455,245µm
net443,244.97µm
net451,243.94µm
net548,241.02µm
net660,240.2µm
_0095_,239.99µm
net9,239.005µm
net116,238.12µm
net104,237.92µm
net581,236.74µm
_0271_,235.86µm
net417,233.89µm
net473,233.4µm
net514,232.51µm
net54,232.26µm
Inst_LUT4AB_switch_matrix.M_AD,230.52µm
_0139_,229.28µm
net98,227.3µm
Inst_LUT4AB_switch_matrix.E2BEG2,226.84µm
net427,225.92µm
net528,225.705µm
net134,223.075µm
net509,222.9µm
net88,222.805µm
_0281_,222.58µm
net75,222.51µm
net642,221.64µm
_0159_,221.42µm
net18,220.7µm
_0663_,220.2µm
net144,219.755µm
Inst_LUT4AB_switch_matrix.S1BEG0,219.62µm
net264,218.66µm
net84,215.85µm
net430,215.43µm
net112,214.935µm
net449,214.01µm
net149,213.74µm
net693,213.7µm
net635,212.5µm
net10,212.205µm
net163,209.68µm
net120,209.14µm
net153,208.59µm
net126,206.45µm
net624,206.19µm
Inst_LUT4AB_switch_matrix.E1BEG0,206.08µm
net87,205.71µm
Inst_LUT4AB_switch_matrix.JS2BEG4,205.65µm
_0513_,205.38µm
net466,205.3µm
net61,205.06µm
net156,203.9µm
net492,203.86µm
_0652_,203.8µm
Inst_LUT4AB_switch_matrix.JW2BEG4,202.94µm
net516,202.88µm
net96,202.68µm
net174,202.44µm
net506,202.36µm
_0256_,202.3µm
net20,202.08µm
net66,201.48µm
net14,200.9µm
_0606_,200.88µm
net306,200.6µm
net11,200µm
_0252_,198.85µm
net511,198.16µm
net665,197.96µm
net497,197.46µm
net7,196.9µm
net124,196.3µm
net125,196.07µm
net86,195.685µm
net141,195.44µm
net155,195.41µm
net476,193.32µm
Inst_LUT4AB_switch_matrix.W1BEG0,193.06µm
Inst_LUT4AB_switch_matrix.SS4BEG3,192.98µm
net117,192.92µm
net446,192.86µm
net92,192.72µm
net179,191.78µm
_0099_,191.36µm
net524,190.82µm
net166,190.26µm
net685,188.62µm
Inst_LUT4AB_switch_matrix.SS4BEG0,187.38µm
net508,186.96µm
Inst_LUT4AB_switch_matrix.JS2BEG5,186µm
net89,185.56µm
net123,185.53µm
net160,184.2µm
_0016_,183.525µm
Inst_LUT4AB_switch_matrix.JN2BEG1,183.46µm
_0662_,183.08µm
net38,182.12µm
net17,181.98µm
net440,179.06µm
net30,179.04µm
net279,178.46µm
net535,175.12µm
net115,173.96µm
Inst_LUT4AB_switch_matrix.EE4BEG3,173.2µm
net95,172.73µm
net6,171.76µm
_0240_,171.41µm
net99,170.44µm
net1,170.08µm
net649,170.08µm
net37,169.54µm
Inst_LUT4AB_switch_matrix.EE4BEG0,167.48µm
net152,167.12µm
net651,165.955µm
net69,164.42µm
net510,164.22µm
net274,163.84µm
net323,162.41µm
net64,159.98µm
net190,158.16µm
Inst_LUT4AB_switch_matrix.JN2BEG0,156.065µm
Inst_LUT4AB_switch_matrix.E1BEG3,156.02µm
net68,155.96µm
net603,155.84µm
net5,155.68µm
Inst_LUT4AB_switch_matrix.W6BEG0,155.64µm
net503,154.42µm
Inst_LUT4AB_switch_matrix.M_AH,154.28µm
net515,153.5µm
net422,152.76µm
net217,152.22µm
net321,152.14µm
net21,151.72µm
net48,151.68µm
net696,150.66µm
net436,150.24µm
net140,149.825µm
net472,149.72µm
net28,148.96µm
Inst_LUT4AB_switch_matrix.NN4BEG2,147.84µm
Inst_LUT4AB_switch_matrix.N1BEG3,147.24µm
_0331_,146.74µm
_0182_,146.67µm
_0110_,146.48µm
_0254_,146.08µm
net326,146.06µm
net41,145.74µm
net127,145.54µm
net505,144.48µm
net694,144.455µm
net300,144.06µm
net184,143.6µm
Inst_LUT4AB_switch_matrix.N4BEG3,143.58µm
_0017_,142.795µm
Inst_LUT4AB_switch_matrix.S1BEG3,142.62µm
Inst_LUT4AB_switch_matrix.W1BEG3,140.96µm
_0229_,139.42µm
net318,139.42µm
Inst_LUT4AB_switch_matrix.NN4BEG1,139.34µm
_0674_,139.24µm
Inst_LUT4AB_switch_matrix.W6BEG1,138.98µm
net147,138.36µm
net519,137.31µm
C,135.82µm
Inst_LUT4AB_switch_matrix.EE4BEG1,135.78µm
Inst_LUT4AB_switch_matrix.N4BEG0,135.28µm
Inst_LUT4AB_switch_matrix.NN4BEG0,135.28µm
net52,134.48µm
net502,134.2µm
_0389_,133.94µm
Inst_LUT4AB_switch_matrix.WW4BEG1,133.82µm
_0272_,133.8µm
net686,133.08µm
_0244_,131.88µm
net415,131.46µm
Inst_LUT4AB_switch_matrix.SS4BEG1,131.4µm
_0294_,131.34µm
Inst_LUT4AB_switch_matrix.S4BEG3,130.8µm
_0062_,130.58µm
Inst_LUT4AB_switch_matrix.E2BEG3,129.04µm
E6END[10],128.87µm
_0238_,128.84µm
net146,127.38µm
_0083_,126.74µm
_0206_,126.74µm
_0639_,126.56µm
Inst_LUT4AB_switch_matrix.S4BEG0,126.28µm
Inst_LUT4AB_switch_matrix.N1BEG2,126.26µm
net620,126.2µm
Inst_LUT4AB_switch_matrix.JW2BEG6,125.96µm
net361,125.1µm
Inst_LUT4AB_switch_matrix.M_AB,125.025µm
Inst_LUT4AB_switch_matrix.WW4BEG2,124.62µm
Inst_LUT4AB_switch_matrix.EE4BEG2,121.94µm
Inst_LUT4AB_switch_matrix.JW2BEG2,121.88µm
_0269_,121.58µm
Inst_LUT4AB_switch_matrix.WW4BEG3,119.78µm
Inst_LUT4AB_switch_matrix.E6BEG1,119.34µm
net285,118.32µm
Inst_LUT4AB_ConfigMem.Inst_Frame4_bit1.Q,116.66µm
Inst_LUT4AB_switch_matrix.JS2BEG3,116.28µm
net234,115.54µm
_0605_,115.02µm
net47,114.74µm
Inst_LUT4AB_switch_matrix.S4BEG1,113.64µm
_0169_,112.02µm
net168,111.76µm
_0078_,111.475µm
Inst_LUT4AB_switch_matrix.JW2BEG0,110.785µm
_0140_,110.32µm
net637,109.62µm
_0629_,109.54µm
net377,108.74µm
net375,107.6µm
_0129_,107.34µm
_0107_,107.33µm
Inst_LUT4AB_ConfigMem.Inst_Frame13_bit29.Q,105.755µm
net263,105.52µm
Inst_LUT4AB_switch_matrix.SS4BEG2,105.46µm
N4END[4],105.13µm
net310,105.06µm
_0109_,104.54µm
net221,103.84µm
Inst_LUT4AB_switch_matrix.E2BEG5,102.82µm
net79,102.58µm
Inst_LUT4AB_switch_matrix.S1BEG1,102.1µm
Inst_LUT4AB_switch_matrix.W1BEG2,101.34µm
net272,101.1µm
Inst_LUT4AB_switch_matrix.S4BEG2,101.06µm
_0280_,100.96µm
_0121_,100.5µm
_0619_,99.34µm
net396,99.24µm
net504,98.42µm
_0168_,97.58µm
_0094_,96.18µm
net33,95.92µm
net227,95.74µm
_0682_,94.4µm
net347,93.84µm
_0301_,93.385µm
Inst_LUT4AB_switch_matrix.N4BEG2,92.9µm
_0642_,92.66µm
_0079_,92.28µm
_0608_,91.94µm
Inst_LUT4AB_switch_matrix.JS2BEG7,91.56µm
_0620_,90.24µm
net325,90.1µm
_0218_,88.96µm
_0266_,88.7µm
_0071_,88.68µm
_0126_,88.38µm
net49,86.8µm
_0326_,86.7µm
net218,86.56µm
net324,86.32µm
_0661_,86.24µm
_0096_,85.98µm
_0081_,85.95µm
net672,85.76µm
net237,85.32µm
net172,84.1µm
_0077_,82.72µm
_0212_,82.26µm
net183,80.72µm
net150,80.39µm
_0023_,79.72µm
net322,79.24µm
WW4END[13],79.23µm
_0119_,78.62µm
net56,78.4µm
_0684_,75.76µm
_0171_,75.64µm
_0643_,74.18µm
net121,73.52µm
net15,73.08µm
net647,73.02µm
_0253_,72.86µm
_0015_,71.7µm
Inst_LUT4AB_switch_matrix.W1BEG1,70.96µm
net639,70.58µm
net678,70.22µm
Inst_LUT4AB_switch_matrix.JN2BEG7,69.88µm
net271,69.2µm
net189,68.06µm
net170,68.04µm
Inst_LUT4AB_ConfigMem.Inst_Frame3_bit29.Q,67.91µm
SS4END[14],67.05µm
D,67.04µm
Inst_LUT4AB_switch_matrix.N1BEG1,66.82µm
Inst_LUT4AB_switch_matrix.WW4BEG0,66.6µm
_0264_,66.54µm
Inst_LUT4AB_ConfigMem.Inst_Frame4_bit24.Q,64.57µm
net354,64.26µm
_0074_,63.84µm
Inst_LUT4AB_switch_matrix.E1BEG1,63.72µm
_0214_,61.48µm
_0511_,61.34µm
net320,60.88µm
_0243_,60.78µm
_0323_,60.72µm
_0304_,60.7µm
_0237_,60.62µm
_0210_,58.325µm
_0010_,57.8µm
Inst_LUT4AB_switch_matrix.N4BEG1,57.34µm
_0551_,57.22µm
net374,56.52µm
net408,56.1µm
_0302_,55.995µm
_0355_,55.29µm
net39,54.64µm
G,54.34µm
W6END[10],54.13µm
_0075_,53.96µm
Inst_LUT4AB_ConfigMem.Inst_Frame5_bit15.Q,53.78µm
_0334_,53.26µm
_0270_,52.84µm
_0097_,52.82µm
NN4END[10],52.09µm
_0228_,51.92µm
_0073_,51.46µm
E6END[9],51.06µm
net93,51.04µm
_0158_,50.92µm
S4END[11],50.78µm
_0172_,50.72µm
net72,50.32µm
net336,50.1µm
net633,49.66µm
net269,49.56µm
_0354_,49.26µm
_0208_,49µm
_0378_,48.8µm
net619,48.4µm
_0092_,47.48µm
Inst_LUT4AB_ConfigMem.Inst_Frame5_bit18.Q,47.24µm
_0443_,46.98µm
_0352_,46.18µm
Inst_LUT4AB_ConfigMem.Inst_Frame11_bit28.Q,46.1µm
_0309_,45.1µm
_0125_,44.6µm
_0285_,43.46µm
_0209_,42.66µm
Inst_LUT4AB_switch_matrix.E2BEG6,42.36µm
_0510_,42.12µm
_0442_,42.08µm
net175,41.62µm
_0396_,41.57µm
_0395_,41.5µm
_0019_,41.22µm
Inst_LUT4AB_ConfigMem.Inst_Frame2_bit9.Q,40.2µm
_0022_,39.94µm
net636,39.88µm
Inst_LUT4AB_ConfigMem.Inst_Frame4_bit7.Q,39.56µm
_0124_,39.46µm
Inst_LUT4AB_switch_matrix.JS2BEG0,38.905µm
Inst_LUT4AB_ConfigMem.Inst_Frame4_bit29.Q,38.455µm
Inst_LH_LUT4c_frame_config_dffesr.c_I0mux,38.36µm
_0213_,38.36µm
net173,38.32µm
net169,38.22µm
Inst_LUT4AB_ConfigMem.Inst_Frame6_bit7.Q,38µm
Inst_LUT4AB_ConfigMem.Inst_Frame8_bit8.Q,37.39µm
Inst_LUT4AB_ConfigMem.Inst_Frame19_bit11.Q,37.36µm
_0122_,37.02µm
_0170_,36.88µm
_0080_,36.76µm
Inst_LUT4AB_ConfigMem.Inst_Frame2_bit15.Q,35.9µm
Inst_LUT4AB_ConfigMem.Inst_Frame3_bit21.Q,35.82µm
_0286_,35.72µm
_0336_,35.635µm
net74,35.6µm
Inst_LUT4AB_ConfigMem.Inst_Frame4_bit20.Q,35.54µm
Inst_LUT4AB_switch_matrix.JN2BEG5,35.42µm
_0303_,35.4µm
_0193_,35.32µm
_0203_,35.195µm
_0292_,34.84µm
Inst_LUT4AB_ConfigMem.Inst_Frame19_bit21.Q,34.6µm
_0299_,34.6µm
Inst_LUT4AB_ConfigMem.Inst_Frame7_bit14.Q,34.52µm
E6END[8],34.3µm
_0018_,34.26µm
Inst_LUT4AB_ConfigMem.Inst_Frame19_bit12.Q,33.42µm
Inst_LUT4AB_ConfigMem.Inst_Frame19_bit15.Q,33.38µm
_0628_,32.66µm
_0108_,32.4µm
net63,32.29µm
Inst_LUT4AB_ConfigMem.Inst_Frame1_bit17.Q,32.12µm
_0393_,31.8µm
Inst_LUT4AB_ConfigMem.Inst_Frame4_bit10.Q,31.54µm
_0344_,31.54µm
_0138_,31.52µm
Inst_LA_LUT4c_frame_config_dffesr.c_I0mux,31.48µm
Inst_LUT4AB_ConfigMem.Inst_Frame4_bit11.Q,31.41µm
Inst_LUT4AB_ConfigMem.Inst_Frame5_bit4.Q,31.41µm
_0313_,31.41µm
Inst_LUT4AB_switch_matrix.JS2BEG6,31.32µm
Inst_LUT4AB_ConfigMem.Inst_Frame1_bit25.Q,31.21µm
Inst_LUT4AB_ConfigMem.Inst_Frame6_bit14.Q,31.15µm
_0616_,31.06µm
_0654_,30.9µm
Inst_LUT4AB_ConfigMem.Inst_Frame2_bit20.Q,30.7µm
Inst_LUT4AB_ConfigMem.Inst_Frame0_bit20.Q,30.48µm
Inst_LUT4AB_ConfigMem.Inst_Frame0_bit9.Q,30.38µm
Inst_LUT4AB_ConfigMem.Inst_Frame1_bit10.Q,30.37µm
net70,30.28µm
Inst_LUT4AB_ConfigMem.Inst_Frame7_bit11.Q,30.04µm
WW4END[7],29.99µm
Inst_LUT4AB_ConfigMem.Inst_Frame7_bit16.Q,29.74µm
Inst_LUT4AB_ConfigMem.Inst_Frame2_bit22.Q,29.65µm
Inst_LUT4AB_ConfigMem.Inst_Frame2_bit11.Q,29.43µm
Inst_LUT4AB_ConfigMem.Inst_Frame3_bit16.Q,29.4µm
_0283_,29.26µm
net644,29.16µm
Inst_LUT4AB_ConfigMem.Inst_Frame4_bit22.Q,29.09µm
_0191_,28.98µm
Inst_LUT4AB_ConfigMem.Inst_Frame7_bit9.Q,28.01µm
Inst_LUT4AB_ConfigMem.Inst_Frame1_bit9.Q,28µm
Inst_LUT4AB_switch_matrix.E2BEG0,27.72µm
_0338_,27.3µm
Inst_LUT4AB_ConfigMem.Inst_Frame4_bit17.Q,27.26µm
Inst_LE_LUT4c_frame_config_dffesr.inst_cus_mux161_buf.A5,27.22µm
Inst_LUT4AB_ConfigMem.Inst_Frame19_bit6.Q,27µm
WW4END[14],26.93µm
Inst_LUT4AB_switch_matrix.E2BEG7,26.68µm
W6END[4],26.68µm
Inst_LUT4AB_ConfigMem.Inst_Frame3_bit7.Q,26.6µm
N4END[15],26.59µm
_0673_,26.56µm
_0307_,26.5µm
Inst_LUT4AB_ConfigMem.Inst_Frame0_bit12.Q,26.38µm
Inst_LUT4AB_ConfigMem.Inst_Frame4_bit16.Q,26.18µm
Inst_LUT4AB_ConfigMem.Inst_Frame1_bit12.Q,26.11µm
WW4END[4],26.09µm
E6END[5],26.06µm
Inst_LUT4AB_ConfigMem.Inst_Frame19_bit8.Q,25.84µm
Inst_LUT4AB_ConfigMem.Inst_Frame2_bit10.Q,25.69µm
NN4END[8],25.57µm
_0394_,25.48µm
NN4END[4],25.45µm
Inst_LUT4AB_ConfigMem.Inst_Frame3_bit22.Q,25.42µm
_0311_,25.34µm
N4END[11],25.3µm
S4END[9],25.23µm
_0318_,25.1µm
_0226_,25.08µm
_0306_,25.06µm
_0328_,24.94µm
WW4END[6],24.92µm
Inst_LUT4AB_ConfigMem.Inst_Frame2_bit18.Q,24.9µm
N4END[14],24.89µm
SS4END[11],24.89µm
Inst_LUT4AB_ConfigMem.Inst_Frame8_bit9.Q,24.83µm
Inst_LUT4AB_ConfigMem.Inst_Frame19_bit10.Q,24.72µm
_0255_,24.66µm
Inst_LUT4AB_ConfigMem.Inst_Frame8_bit20.Q,24.64µm
Inst_LUT4AB_ConfigMem.Inst_Frame3_bit17.Q,24.58µm
_0289_,24.54µm
E6END[2],24.43µm
net297,24.36µm
_0319_,24.3µm
EE4END[8],24.21µm
W6END[7],24.21µm
Inst_LUT4AB_ConfigMem.Inst_Frame13_bit30.Q,24.16µm
Inst_LUT4AB_ConfigMem.Inst_Frame5_bit29.Q,24.14µm
N4END[12],24.14µm
net192,24.14µm
Inst_LUT4AB_ConfigMem.Inst_Frame0_bit18.Q,24.12µm
WW4END[12],24.05µm
_0358_,23.94µm
Inst_LUT4AB_ConfigMem.Inst_Frame1_bit11.Q,23.86µm
_0082_,23.84µm
W6END[11],23.7µm
Inst_LUT4AB_ConfigMem.Inst_Frame14_bit31.Q,23.63µm
_0349_,23.54µm
Inst_LUT4AB_ConfigMem.Inst_Frame5_bit23.Q,23.52µm
S4END[4],23.46µm
_0204_,23.22µm
Inst_LUT4AB_ConfigMem.Inst_Frame8_bit10.Q,23.18µm
N4END[8],23.17µm
Inst_LUT4AB_ConfigMem.Inst_Frame3_bit19.Q,23.12µm
net410,23.12µm
E6END[4],23.08µm
E6END[6],23.07µm
Inst_LUT4AB_ConfigMem.Inst_Frame9_bit16.Q,23.07µm
Inst_LUT4AB_ConfigMem.Inst_Frame0_bit22.Q,23.015µm
Inst_LUT4AB_ConfigMem.Inst_Frame10_bit27.Q,22.94µm
_0391_,22.88µm
WW4END[5],22.85µm
Inst_LUT4AB_ConfigMem.Inst_Frame1_bit21.Q,22.78µm
_0027_,22.78µm
EE4END[13],22.76µm
Inst_LUT4AB_ConfigMem.Inst_Frame6_bit23.Q,22.69µm
Inst_LUT4AB_ConfigMem.Inst_Frame5_bit24.Q,22.66µm
E6END[7],22.54µm
S4END[12],22.54µm
SS4END[15],22.51µm
SS4END[7],22.49µm
Inst_LUT4AB_ConfigMem.Inst_Frame4_bit14.Q,22.42µm
Inst_LUT4AB_ConfigMem.Inst_Frame6_bit8.Q,22.37µm
Inst_LUT4AB_ConfigMem.Inst_Frame7_bit12.Q,22.32µm
_0327_,22.2µm
S4END[14],22.08µm
WW4END[10],22.08µm
_0586_,21.96µm
_0552_,21.84µm
EE4END[11],21.83µm
_0072_,21.82µm
Inst_LUT4AB_ConfigMem.Inst_Frame5_bit5.Q,21.74µm
_0458_,21.7µm
Inst_LUT4AB_ConfigMem.Inst_Frame5_bit12.Q,21.68µm
_0615_,21.66µm
_0333_,21.62µm
Inst_LUT4AB_ConfigMem.Inst_Frame3_bit8.Q,21.58µm
_0217_,21.42µm
Inst_LUT4AB_switch_matrix.M_EF,21.34µm
S4END[6],21.33µm
_0308_,21.24µm
net51,21.24µm
EE4END[10],21.16µm
_0267_,21.08µm
_0052_,21.06µm
net73,21.02µm
Inst_LUT4AB_ConfigMem.Inst_Frame1_bit14.Q,21µm
Inst_LUT4AB_ConfigMem.Inst_Frame2_bit12.Q,20.77µm
SS4END[8],20.67µm
Inst_LUT4AB_ConfigMem.Inst_Frame5_bit16.Q,20.66µm
Inst_LUT4AB_ConfigMem.Inst_Frame13_bit20.Q,20.64µm
Inst_LUT4AB_ConfigMem.Inst_Frame19_bit25.Q,20.61µm
Inst_LUT4AB_ConfigMem.Inst_Frame1_bit16.Q,20.555µm
NN4END[9],20.47µm
Inst_LUT4AB_ConfigMem.Inst_Frame1_bit15.Q,20.46µm
Inst_LUT4AB_ConfigMem.Inst_Frame9_bit23.Q,20.44µm
_0392_,20.34µm
_0559_,20.33µm
NN4END[12],20.31µm
Inst_LUT4AB_ConfigMem.Inst_Frame3_bit23.Q,20.28µm
net329,20.24µm
_0345_,20.2µm
Inst_LUT4AB_ConfigMem.Inst_Frame2_bit14.Q,20.1µm
_0239_,20.1µm
_0300_,20.02µm
Inst_LUT4AB_ConfigMem.Inst_Frame12_bit21.Q,19.96µm
_0535_,19.89µm
Inst_LUT4AB_ConfigMem.Inst_Frame2_bit13.Q,19.86µm
Inst_LUT4AB_ConfigMem.Inst_Frame8_bit19.Q,19.86µm
Inst_LUT4AB_ConfigMem.Inst_Frame8_bit7.Q,19.86µm
NN4END[13],19.79µm
N4END[5],19.62µm
NN4END[6],19.55µm
Inst_LUT4AB_ConfigMem.Inst_Frame2_bit16.Q,19.5µm
Inst_LUT4AB_ConfigMem.Inst_Frame2_bit24.Q,19.48µm
N4END[13],19.45µm
EE4END[15],19.4µm
Inst_LUT4AB_switch_matrix.S1BEG2,19.4µm
net402,19.38µm
_0224_,19.34µm
NN4END[11],19.32µm
Inst_LUT4AB_ConfigMem.Inst_Frame8_bit11.Q,19.3µm
net413,19.3µm
net199,19.28µm
_0593_,19.2µm
E6END[11],19.18µm
SS4END[13],19.18µm
EE4END[12],19.11µm
S4END[13],19.11µm
Inst_LUT4AB_ConfigMem.Inst_Frame3_bit24.Q,19.1µm
net176,19.08µm
_0241_,19.02µm
net178,19.02µm
_0296_,19µm
NN4END[7],18.95µm
W6END[2],18.95µm
net661,18.94µm
Inst_LUT4AB_ConfigMem.Inst_Frame1_bit26.Q,18.91µm
N4END[6],18.86µm
_0011_,18.84µm
_0012_,18.84µm
_0223_,18.84µm
E6END[3],18.77µm
N4END[10],18.77µm
NN4END[14],18.77µm
SS4END[4],18.77µm
S4END[7],18.72µm
Inst_LUT4AB_ConfigMem.Inst_Frame1_bit27.Q,18.66µm
Inst_LUT4AB_ConfigMem.Inst_Frame3_bit20.Q,18.66µm
S4END[10],18.61µm
_0636_,18.55µm
_0054_,18.51µm
net265,18.48µm
Inst_LUT4AB_ConfigMem.Inst_Frame2_bit19.Q,18.46µm
N4END[7],18.43µm
S4END[5],18.43µm
W6END[3],18.43µm
W6END[6],18.43µm
W6END[9],18.43µm
Inst_LUT4AB_ConfigMem.Inst_Frame6_bit15.Q,18.41µm
EE4END[9],18.4µm
Inst_LUT4AB_ConfigMem.Inst_Frame12_bit2.Q,18.4µm
Inst_LUT4AB_ConfigMem.Inst_Frame18_bit0.Q,18.4µm
_0532_,18.33µm
Inst_LUT4AB_ConfigMem.Inst_Frame2_bit17.Q,18.28µm
net36,18.26µm
_0390_,18.24µm
EE4END[4],18.16µm
Inst_LUT4AB_ConfigMem.Inst_Frame13_bit23.Q,18.14µm
Inst_LUT4AB_ConfigMem.Inst_Frame3_bit13.Q,18.12µm
_0221_,18.1µm
net349,18.06µm
_0282_,18.02µm
net386,18.02µm
Inst_LUT4AB_ConfigMem.Inst_Frame4_bit8.Q,17.94µm
WW4END[15],17.94µm
Inst_LUT4AB_ConfigMem.Inst_Frame2_bit31.Q,17.92µm
Inst_LUT4AB_ConfigMem.Inst_Frame1_bit20.Q,17.9µm
net371,17.9µm
S4END[15],17.8µm
SS4END[10],17.8µm
WW4END[8],17.8µm
Inst_LUT4AB_ConfigMem.Inst_Frame19_bit13.Q,17.76µm
Inst_LUT4AB_ConfigMem.Inst_Frame7_bit10.Q,17.64µm
_0469_,17.58µm
Inst_LUT4AB_ConfigMem.Inst_Frame19_bit7.Q,17.54µm
Inst_LUT4AB_ConfigMem.Inst_Frame5_bit19.Q,17.48µm
NN4END[15],17.48µm
SS4END[5],17.48µm
SS4END[6],17.48µm
SS4END[9],17.48µm
net409,17.48µm
_0288_,17.46µm
_0385_,17.36µm
_0275_,17.34µm
_0523_,17.29µm
_0687_,17.26µm
Inst_LUT4AB_ConfigMem.Inst_Frame14_bit23.Q,17.18µm
Inst_LUT4AB_ConfigMem.Inst_Frame2_bit21.Q,17.18µm
_0651_,17.14µm
_0440_,17.1µm
EE4END[5],17.07µm
W6END[5],17.07µm
_0644_,17.06µm
S4END[8],17.02µm
WW4END[11],17.02µm
Inst_LUT4AB_ConfigMem.Inst_Frame1_bit30.Q,16.98µm
Inst_LUT4AB_ConfigMem.Inst_Frame2_bit8.Q,16.98µm
Inst_LUT4AB_ConfigMem.Inst_Frame1_bit23.Q,16.94µm
EE4END[7],16.91µm
net346,16.9µm
net663,16.84µm
Inst_LUT4AB_ConfigMem.Inst_Frame6_bit22.Q,16.82µm
Inst_LUT4AB_ConfigMem.Inst_Frame4_bit19.Q,16.8µm
Inst_LUT4AB_ConfigMem.Inst_Frame2_bit23.Q,16.795µm
Inst_LUT4AB_ConfigMem.Inst_Frame19_bit9.Q,16.78µm
Inst_LUT4AB_ConfigMem.Inst_Frame1_bit22.Q,16.78µm
SS4END[12],16.73µm
WW4END[9],16.71µm
Inst_LUT4AB_ConfigMem.Inst_Frame8_bit13.Q,16.69µm
Inst_LUT4AB_ConfigMem.Inst_Frame6_bit10.Q,16.68µm
_0035_,16.68µm
_0287_,16.52µm
Inst_LUT4AB_ConfigMem.Inst_Frame10_bit26.Q,16.42µm
NN4END[5],16.37µm
Inst_LUT4AB_ConfigMem.Inst_Frame0_bit8.Q,16.35µm
net312,16.32µm
net365,16.32µm
_0404_,16.3µm
net362,16.22µm
Inst_LUT4AB_ConfigMem.Inst_Frame1_bit8.Q,16.18µm
_0610_,16.14µm
net60,16.14µm
EE4END[14],16.1µm
Inst_LUT4AB_ConfigMem.Inst_Frame6_bit24.Q,16.1µm
_0478_,16.04µm
EE4END[6],16.03µm
net77,16µm
net298,15.98µm
_0381_,15.94µm
_0487_,15.92µm
Inst_LUT4AB_ConfigMem.Inst_Frame12_bit26.Q,15.8µm
net664,15.78µm
_0157_,15.76µm
Inst_LUT4AB_ConfigMem.Inst_Frame7_bit8.Q,15.74µm
_0448_,15.72µm
_0312_,15.68µm
W6END[8],15.64µm
_0388_,15.64µm
net416,15.64µm
_0242_,15.62µm
Inst_LUT4AB_ConfigMem.Inst_Frame1_bit7.Q,15.6µm
Inst_LUT4AB_ConfigMem.Inst_Frame1_bit31.Q,15.56µm
EE4BEG[15],15.54µm
net401,15.38µm
Inst_LUT4AB_ConfigMem.Inst_Frame6_bit11.Q,15.32µm
net286,15.3µm
net350,15.3µm
_0268_,15.28µm
Inst_LUT4AB_ConfigMem.Inst_Frame8_bit21.Q,15.24µm
Inst_LUT4AB_ConfigMem.Inst_Frame11_bit2.Q,15.18µm
Inst_LUT4AB_ConfigMem.Inst_Frame13_bit22.Q,15.17µm
W6BEG[5],15.17µm
_0175_,15.14µm
_0341_,15.14µm
Inst_LUT4AB_ConfigMem.Inst_Frame3_bit2.Q,15.1µm
Inst_LA_LUT4c_frame_config_dffesr.inst_cus_mux161_buf.A13,14.96µm
net181,14.96µm
net194,14.96µm
net206,14.96µm
net281,14.96µm
Inst_LUT4AB_ConfigMem.Inst_Frame3_bit15.Q,14.94µm
Inst_LUT4AB_ConfigMem.Inst_Frame6_bit25.Q,14.88µm
Inst_LUT4AB_ConfigMem.Inst_Frame7_bit13.Q,14.88µm
Inst_LUT4AB_ConfigMem.Inst_Frame7_bit22.Q,14.88µm
Inst_LUT4AB_ConfigMem.Inst_Frame0_bit7.Q,14.62µm
W6BEG[10],14.62µm
_0197_,14.6µm
Inst_LUT4AB_ConfigMem.Inst_Frame6_bit9.Q,14.54µm
_0207_,14.54µm
_0659_,14.54µm
_0337_,14.5µm
net216,14.5µm
net309,14.5µm
net314,14.5µm
_0123_,14.46µm
_0612_,14.46µm
_0364_,14.42µm
_0582_,14.38µm
net373,14.38µm
Inst_LUT4AB_ConfigMem.Inst_Frame8_bit18.Q,14.37µm
_0623_,14.34µm
net191,14.26µm
net334,14.26µm
Inst_LUT4AB_ConfigMem.Inst_Frame19_bit24.Q,14.22µm
_0603_,14.22µm
net67,14.16µm
Inst_LUT4AB_ConfigMem.Inst_Frame7_bit2.Q,14.1µm
Inst_LUT4AB_ConfigMem.Inst_Frame4_bit18.Q,14.08µm
_0149_,14.04µm
_0474_,14.04µm
_0146_,14.02µm
_0100_,13.98µm
Inst_LUT4AB_ConfigMem.Inst_Frame5_bit28.Q,13.96µm
_0695_,13.96µm
Inst_LUT4AB_ConfigMem.Inst_Frame14_bit8.Q,13.92µm
Inst_LUT4AB_ConfigMem.Inst_Frame19_bit23.Q,13.92µm
_0607_,13.92µm
net193,13.92µm
net294,13.92µm
net313,13.92µm
E2END[5],13.88µm
Inst_LD_LUT4c_frame_config_dffesr.LUT_flop,13.88µm
_0502_,13.88µm
_0021_,13.86µm
Inst_LUT4AB_ConfigMem.Inst_Frame7_bit17.Q,13.78µm
_0277_,13.76µm
Inst_LUT4AB_ConfigMem.Inst_Frame14_bit0.Q,13.725µm
_0413_,13.72µm
Inst_LA_LUT4c_frame_config_dffesr.LUT_flop,13.68µm
Inst_LUT4AB_ConfigMem.Inst_Frame19_bit14.Q,13.68µm
Inst_LUT4AB_ConfigMem.Inst_Frame2_bit30.Q,13.68µm
_0150_,13.68µm
Inst_LUT4AB_ConfigMem.Inst_Frame4_bit13.Q,13.6µm
Inst_LUT4AB_ConfigMem.Inst_Frame19_bit3.Q,13.58µm
_0048_,13.58µm
_0245_,13.58µm
Inst_LUT4AB_ConfigMem.Inst_Frame9_bit18.Q,13.56µm
_0104_,13.54µm
_0246_,13.48µm
_0691_,13.46µm
net208,13.46µm
net211,13.46µm
net337,13.46µm
net393,13.46µm
N2END[5],13.42µm
Inst_LUT4AB_ConfigMem.Inst_Frame5_bit17.Q,13.415µm
_0529_,13.41µm
_0305_,13.3µm
N4END[9],13.27µm
Inst_LUT4AB_ConfigMem.Inst_Frame10_bit12.Q,13.26µm
WW4BEG[14],13.24µm
Inst_LG_LUT4c_frame_config_dffesr.inst_cus_mux161_buf.A12,13.185µm
_0696_,13.18µm
Inst_LB_LUT4c_frame_config_dffesr.inst_cus_mux161_buf.A1,13.16µm
net222,13.12µm
net353,13.12µm
E2BEG[4],13.08µm
Inst_LUT4AB_ConfigMem.Inst_Frame4_bit5.Q,13.04µm
_0324_,13.04µm
net224,13µm
_0247_,12.98µm
_0455_,12.92µm
_0429_,12.88µm
net292,12.88µm
Inst_LUT4AB_ConfigMem.Inst_Frame7_bit7.Q,12.86µm
_0460_,12.86µm
Inst_LUT4AB_ConfigMem.Inst_Frame0_bit11.Q,12.8µm
net235,12.74µm
_0370_,12.72µm
Inst_LUT4AB_ConfigMem.Inst_Frame3_bit12.Q,12.66µm
Inst_LUT4AB_ConfigMem.Inst_Frame4_bit12.Q,12.64µm
Inst_LUT4AB_ConfigMem.Inst_Frame1_bit3.Q,12.62µm
net46,12.62µm
Inst_LUT4AB_ConfigMem.Inst_Frame8_bit17.Q,12.58µm
net284,12.58µm
net383,12.58µm
net399,12.58µm
net359,12.54µm
FrameData_O[19],12.5µm
FrameData_O[1],12.5µm
Inst_LE_LUT4c_frame_config_dffesr.inst_cus_mux161_buf.A10,12.5µm
_0029_,12.5µm
_0144_,12.48µm
_0480_,12.48µm
_0549_,12.44µm
Inst_LUT4AB_ConfigMem.Inst_Frame12_bit20.Q,12.42µm
Inst_LUT4AB_ConfigMem.Inst_Frame1_bit5.Q,12.42µm
_0464_,12.415µm
N1BEG[3],12.4µm
_0366_,12.38µm
Inst_LUT4AB_ConfigMem.Inst_Frame17_bit31.Q,12.355µm
_0185_,12.34µm
_0554_,12.34µm
E2BEG[6],12.32µm
SS4BEG[15],12.32µm
Inst_LUT4AB_ConfigMem.Inst_Frame0_bit4.Q,12.3µm
Inst_LUT4AB_ConfigMem.Inst_Frame13_bit10.Q,12.3µm
Inst_LUT4AB_ConfigMem.Inst_Frame16_bit30.Q,12.28µm
Inst_LUT4AB_ConfigMem.Inst_Frame6_bit12.Q,12.24µm
net209,12.24µm
net311,12.24µm
net315,12.24µm
_0414_,12.22µm
_0076_,12.18µm
N2BEG[6],12.16µm
N2MID[6],12.16µm
_0014_,12.16µm
Inst_LF_LUT4c_frame_config_dffesr.LUT_flop,12.12µm
Inst_LUT4AB_ConfigMem.Inst_Frame2_bit1.Q,12.12µm
_0051_,12.08µm
_0435_,12.04µm
net165,12.04µm
net378,12.04µm
Inst_LC_LUT4c_frame_config_dffesr.LUT_flop,12µm
_0317_,12µm
net673,11.96µm
Inst_LF_LUT4c_frame_config_dffesr.inst_cus_mux161_buf.A7,11.9µm
Inst_LUT4AB_ConfigMem.Inst_Frame3_bit11.Q,11.9µm
_0514_,11.9µm
Inst_LUT4AB_ConfigMem.Inst_Frame3_bit30.Q,11.86µm
Inst_LG_LUT4c_frame_config_dffesr.inst_cus_mux161_buf.A4,11.845µm
_0133_,11.84µm
_0482_,11.84µm
E2MID[1],11.82µm
FrameStrobe[10],11.82µm
_0665_,11.82µm
Inst_LUT4AB_ConfigMem.Inst_Frame7_bit23.Q,11.78µm
Inst_LUT4AB_ConfigMem.Inst_Frame7_bit25.Q,11.74µm
_0230_,11.74µm
_0553_,11.74µm
net188,11.74µm
net277,11.74µm
net256,11.72µm
_0257_,11.7µm
N2BEGb[7],11.68µm
_0588_,11.66µm
_0431_,11.62µm
N1END[1],11.58µm
_0041_,11.58µm
_0660_,11.58µm
net370,11.58µm
Inst_LUT4AB_ConfigMem.Inst_Frame17_bit30.Q,11.565µm
_0362_,11.56µm
net233,11.56µm
Inst_LUT4AB_ConfigMem.Inst_Frame1_bit2.Q,11.52µm
_0164_,11.5µm
Inst_LD_LUT4c_frame_config_dffesr.inst_cus_mux161_buf.A10,11.48µm
S2BEG[2],11.48µm
_0055_,11.42µm
FrameStrobe[16],11.36µm
Inst_LUT4AB_ConfigMem.Inst_Frame13_bit9.Q,11.32µm
_0290_,11.32µm
_0472_,11.32µm
net400,11.32µm
_0359_,11.31µm
_0423_,11.3µm
_0031_,11.28µm
_0321_,11.28µm
Inst_LG_LUT4c_frame_config_dffesr.inst_cus_mux161_buf.A14,11.26µm
Inst_LUT4AB_ConfigMem.Inst_Frame11_bit27.Q,11.26µm
Inst_LUT4AB_ConfigMem.Inst_Frame19_bit18.Q,11.26µm
_0259_,11.26µm
NN4BEG[12],11.24µm
WW4BEG[12],11.24µm
_0216_,11.24µm
_0377_,11.24µm
_0471_,11.24µm
_0676_,11.24µm
net249,11.24µm
Inst_LUT4AB_ConfigMem.Inst_Frame4_bit27.Q,11.22µm
_0560_,11.22µm
net357,11.2µm
_0340_,11.16µm
E2MID[4],11.12µm
Inst_LUT4AB_ConfigMem.Inst_Frame0_bit6.Q,11.12µm
_0161_,11.12µm
_0463_,11.12µm
S2MID[6],11.1µm
Inst_LUT4AB_ConfigMem.Inst_Frame0_bit10.Q,11.08µm
_0422_,11.08µm
N1BEG[1],11.06µm
_0417_,11.04µm
net363,11.04µm
Inst_LUT4AB_ConfigMem.Inst_Frame16_bit1.Q,11.005µm
_0544_,10.98µm
_0591_,10.98µm
Inst_LUT4AB_ConfigMem.Inst_Frame1_bit13.Q,10.96µm
Ci,10.9µm
E2MID[7],10.9µm
Inst_LH_LUT4c_frame_config_dffesr.inst_cus_mux161_buf.A2,10.9µm
UserCLK,10.9µm
_0220_,10.9µm
_0291_,10.88µm
Inst_LC_LUT4c_frame_config_dffesr.inst_cus_mux161_buf.A12,10.86µm
Inst_LUT4AB_ConfigMem.Inst_Frame5_bit14.Q,10.84µm
net164,10.82µm
net246,10.82µm
Co,10.8µm
FrameStrobe_O[11],10.8µm
FrameStrobe_O[16],10.8µm
N4BEG[1],10.8µm
S2BEGb[0],10.8µm
_0655_,10.8µm
E1END[3],10.78µm
net261,10.78µm
Inst_LUT4AB_ConfigMem.Inst_Frame1_bit24.Q,10.74µm
_0592_,10.74µm
net244,10.74µm
EE4BEG[12],10.7µm
_0399_,10.7µm
net196,10.7µm
net302,10.7µm
NN4END[1],10.66µm
_0261_,10.62µm
_0373_,10.62µm
Inst_LUT4AB_ConfigMem.Inst_Frame14_bit28.Q,10.58µm
_0211_,10.58µm
net226,10.58µm
E1BEG[0],10.56µm
E1BEG[3],10.56µm
Inst_LA_LUT4c_frame_config_dffesr.inst_cus_mux161_buf.A8,10.56µm
S2BEG[1],10.56µm
_0167_,10.56µm
_0325_,10.56µm
net212,10.54µm
Inst_LUT4AB_ConfigMem.Inst_Frame6_bit13.Q,10.52µm
Inst_LUT4AB_ConfigMem.Inst_Frame10_bit30.Q,10.5µm
NN4BEG[14],10.48µm
W1BEG[1],10.46µm
FrameStrobe[18],10.44µm
S2MID[0],10.44µm
_0273_,10.42µm
_0541_,10.42µm
Inst_LUT4AB_ConfigMem.Inst_Frame5_bit22.Q,10.4µm
_0090_,10.4µm
_0105_,10.4µm
_0166_,10.4µm
_0531_,10.4µm
_0033_,10.38µm
Inst_LA_LUT4c_frame_config_dffesr.inst_cus_mux161_buf.A2,10.36µm
Inst_LE_LUT4c_frame_config_dffesr.inst_cus_mux161_buf.A15,10.36µm
_0152_,10.36µm
net367,10.36µm
FrameData_O[6],10.34µm
FrameStrobe_O[15],10.34µm
S2BEGb[1],10.34µm
W2BEGb[0],10.34µm
W2BEGb[6],10.34µm
E2MID[0],10.32µm
Inst_LB_LUT4c_frame_config_dffesr.inst_cus_mux161_buf.A9,10.32µm
_0641_,10.32µm
_0664_,10.32µm
Inst_LF_LUT4c_frame_config_dffesr.inst_cus_mux161_buf.A9,10.28µm
_0205_,10.28µm
_0113_,10.26µm
_0538_,10.24µm
_0688_,10.24µm
E2END[1],10.2µm
net331,10.2µm
net355,10.2µm
Inst_LUT4AB_ConfigMem.Inst_Frame9_bit1.Q,10.18µm
_0621_,10.16µm
Inst_LUT4AB_ConfigMem.Inst_Frame12_bit29.Q,10.14µm
N2BEG[5],10.1µm
_0322_,10.1µm
_0260_,10.04µm
_0065_,10µm
_0400_,10µm
FrameData[1],9.98µm
FrameData[31],9.98µm
FrameData[4],9.98µm
FrameData[6],9.98µm
FrameStrobe[15],9.98µm
W2MID[0],9.98µm
W2MID[6],9.98µm
_0490_,9.96µm
_0020_,9.94µm
_0088_,9.94µm
_0437_,9.94µm
_0631_,9.94µm
_0106_,9.92µm
Inst_LUT4AB_ConfigMem.Inst_Frame11_bit26.Q,9.9µm
_0432_,9.9µm
_0537_,9.9µm
net328,9.9µm
FrameData_O[31],9.88µm
Inst_LE_LUT4c_frame_config_dffesr.inst_cus_mux161_buf.A13,9.86µm
_0360_,9.86µm
net210,9.86µm
net229,9.86µm
net231,9.86µm
net293,9.86µm
net343,9.86µm
net395,9.86µm
_0297_,9.82µm
_0473_,9.82µm
Inst_LE_LUT4c_frame_config_dffesr.LUT_flop,9.78µm
S2BEG[4],9.78µm
net228,9.78µm
net268,9.78µm
W2END[7],9.74µm
_0250_,9.66µm
S1BEG[2],9.64µm
SS4BEG[2],9.64µm
Inst_LUT4AB_ConfigMem.Inst_Frame1_bit28.Q,9.62µm
Inst_LD_LUT4c_frame_config_dffesr.inst_cus_mux161_buf.A4,9.58µm
Inst_LE_LUT4c_frame_config_dffesr.inst_cus_mux161_buf.A9,9.58µm
EE4BEG[13],9.56µm
S1BEG[1],9.56µm
S2BEG[5],9.56µm
_0194_,9.56µm
E2MID[6],9.52µm
FrameData[11],9.52µm
FrameData[5],9.52µm
FrameData[8],9.52µm
Inst_LUT4AB_ConfigMem.Inst_Frame13_bit25.Q,9.52µm
N2MID[0],9.52µm
N2MID[7],9.52µm
S2MID[1],9.52µm
W2MID[7],9.52µm
net230,9.52µm
net278,9.52µm
net299,9.52µm
net330,9.52µm
net352,9.52µm
net366,9.52µm
net384,9.52µm
_0165_,9.48µm
_0453_,9.48µm
_0675_,9.48µm
Inst_LUT4AB_ConfigMem.Inst_Frame14_bit4.Q,9.44µm
Inst_LUT4AB_ConfigMem.Inst_Frame4_bit21.Q,9.44µm
_0059_,9.44µm
_0626_,9.44µm
net335,9.44µm
FrameData_O[15],9.42µm
FrameStrobe_O[14],9.42µm
UserCLKo,9.42µm
_0446_,9.42µm
net255,9.42µm
W1END[3],9.4µm
net258,9.4µm
net260,9.4µm
net339,9.4µm
net344,9.4µm
Inst_LUT4AB_ConfigMem.Inst_Frame0_bit15.Q,9.36µm
Inst_LUT4AB_ConfigMem.Inst_Frame7_bit21.Q,9.36µm
_0136_,9.36µm
_0421_,9.36µm
Inst_LA_LUT4c_frame_config_dffesr.inst_cus_mux161_buf.A14,9.32µm
Inst_LE_LUT4c_frame_config_dffesr.inst_cus_mux161_buf.A12,9.32µm
Inst_LUT4AB_ConfigMem.Inst_Frame0_bit21.Q,9.32µm
Inst_LUT4AB_ConfigMem.Inst_Frame15_bit27.Q,9.32µm
Inst_LUT4AB_switch_matrix.E1BEG2,9.32µm
_0227_,9.32µm
_0570_,9.32µm
_0583_,9.32µm
Inst_LUT4AB_ConfigMem.Inst_Frame4_bit3.Q,9.3µm
S1BEG[0],9.23µm
_0155_,9.2µm
N2BEG[7],9.19µm
W2BEG[2],9.19µm
N2MID[2],9.11µm
W2MID[4],9.1µm
_0470_,9.08µm
NN4END[3],9.07µm
WW4END[2],9.07µm
FrameData[3],9.06µm
FrameStrobe[11],9.06µm
FrameStrobe[12],9.06µm
FrameStrobe[14],9.06µm
FrameStrobe[8],9.06µm
N2MID[1],9.06µm
S2MID[7],9.06µm
_0046_,9.06µm
_0137_,9.06µm
net205,9.06µm
net342,9.06µm
net389,9.06µm
_0380_,9.02µm
_0436_,9.02µm
_0415_,9µm
FrameData[21],8.98µm
Inst_LUT4AB_ConfigMem.Inst_Frame18_bit2.Q,8.98µm
net182,8.98µm
net238,8.98µm
net250,8.98µm
net381,8.98µm
net387,8.98µm
E2BEGb[0],8.96µm
E2BEGb[6],8.96µm
E6BEG[3],8.96µm
E6BEG[6],8.96µm
FrameData_O[10],8.96µm
FrameData_O[11],8.96µm
FrameData_O[12],8.96µm
FrameData_O[14],8.96µm
FrameData_O[18],8.96µm
FrameData_O[4],8.96µm
FrameData_O[5],8.96µm
FrameData_O[8],8.96µm
FrameData_O[9],8.96µm
FrameStrobe_O[12],8.96µm
FrameStrobe_O[13],8.96µm
FrameStrobe_O[18],8.96µm
FrameStrobe_O[9],8.96µm
N2BEGb[0],8.96µm
N2BEGb[1],8.96µm
S2BEGb[6],8.96µm
S4BEG[11],8.96µm
S4BEG[3],8.96µm
SS4BEG[6],8.96µm
SS4BEG[9],8.96µm
W2BEGb[1],8.96µm
W2BEGb[7],8.96µm
WW4BEG[2],8.96µm
WW4BEG[4],8.96µm
_0508_,8.96µm
Inst_LD_LUT4c_frame_config_dffesr.inst_cus_mux161_buf.A11,8.94µm
net662,8.94µm
_0433_,8.9µm
_0694_,8.9µm
Inst_LUT4AB_ConfigMem.Inst_Frame12_bit25.Q,8.89µm
Inst_LUT4AB_ConfigMem.Inst_Frame4_bit28.Q,8.88µm
S2BEG[6],8.86µm
_0032_,8.86µm
_0405_,8.86µm
net385,8.86µm
E2BEG[1],8.85µm
N2BEG[3],8.85µm
Inst_LD_LUT4c_frame_config_dffesr.inst_cus_mux161_buf.A14,8.84µm
_0427_,8.78µm
net645,8.78µm
E6BEG[5],8.76µm
FrameData_O[20],8.76µm
NN4BEG[7],8.76µm
S2BEGb[4],8.76µm
S4BEG[7],8.76µm
SS4BEG[1],8.76µm
W6BEG[6],8.76µm
WW4BEG[6],8.76µm
_0084_,8.76µm
S4BEG[13],8.73µm
FrameStrobe[13],8.72µm
FrameStrobe[17],8.72µm
W2MID[1],8.72µm
_0459_,8.72µm
Inst_LC_LUT4c_frame_config_dffesr.inst_cus_mux161_buf.A8,8.7µm
Inst_LUT4AB_ConfigMem.Inst_Frame5_bit21.Q,8.68µm
_0656_,8.68µm
Inst_LUT4AB_ConfigMem.Inst_Frame7_bit6.Q,8.64µm
N2BEG[0],8.64µm
S2BEG[0],8.64µm
S2BEG[3],8.64µm
W1BEG[0],8.64µm
W1END[1],8.64µm
W1END[2],8.64µm
W2BEG[0],8.64µm
W2BEG[4],8.64µm
W2BEG[5],8.64µm
_0624_,8.64µm
E1END[0],8.61µm
E2END[2],8.61µm
E6END[1],8.61µm
N2END[4],8.61µm
SS4END[3],8.61µm
W2END[6],8.61µm
FrameData[12],8.6µm
_0249_,8.6µm
_0499_,8.6µm
_0564_,8.6µm
net219,8.6µm
Inst_LUT4AB_ConfigMem.Inst_Frame19_bit4.Q,8.58µm
Inst_LC_LUT4c_frame_config_dffesr.inst_cus_mux161_buf.A3,8.575µm
SS4BEG[10],8.57µm
_0061_,8.56µm
_0188_,8.56µm
NN4BEG[13],8.55µm
W2BEG[6],8.55µm
Inst_LUT4AB_ConfigMem.Inst_Frame4_bit31.Q,8.54µm
WW4BEG[0],8.53µm
N1END[3],8.52µm
_0585_,8.52µm
net195,8.52µm
net198,8.52µm
net223,8.52µm
net236,8.52µm
net251,8.52µm
net338,8.52µm
net364,8.52µm
net382,8.52µm
net411,8.52µm
EE4BEG[14],8.51µm
E2BEGb[1],8.5µm
EE4BEG[11],8.5µm
FrameData_O[7],8.5µm
FrameStrobe_O[17],8.5µm
FrameStrobe_O[8],8.5µm
N2BEGb[6],8.5µm
S2BEGb[7],8.5µm
W6BEG[9],8.5µm
net187,8.5µm
net203,8.5µm
net232,8.5µm
net296,8.5µm
net301,8.5µm
net333,8.5µm
net351,8.5µm
net392,8.5µm
net394,8.5µm
net398,8.5µm
_0357_,8.48µm
_0452_,8.48µm
Inst_LF_LUT4c_frame_config_dffesr.inst_cus_mux161_buf.A4,8.44µm
Inst_LUT4AB_ConfigMem.Inst_Frame9_bit13.Q,8.44µm
_0447_,8.44µm
E2MID[3],8.43µm
W2MID[2],8.43µm
Inst_LUT4AB_ConfigMem.Inst_Frame10_bit11.Q,8.42µm
Inst_LUT4AB_ConfigMem.Inst_Frame13_bit11.Q,8.4µm
_0581_,8.4µm
_0671_,8.4µm
net180,8.4µm
net280,8.4µm
FrameData[10],8.39µm
FrameData[2],8.39µm
N4BEG[14],8.39µm
S1END[0],8.39µm
S4END[3],8.39µm
W1END[0],8.39µm
WW4END[0],8.39µm
Inst_LC_LUT4c_frame_config_dffesr.inst_cus_mux161_buf.A7,8.38µm
Inst_LH_LUT4c_frame_config_dffesr.inst_cus_mux161_buf.A1,8.38µm
_0386_,8.38µm
Inst_LUT4AB_ConfigMem.Inst_Frame5_bit13.Q,8.36µm
_0530_,8.35µm
Inst_LG_LUT4c_frame_config_dffesr.LUT_flop,8.32µm
_0398_,8.32µm
FrameData[0],8.31µm
FrameData[27],8.31µm
N2MID[5],8.31µm
W6BEG[2],8.3µm
_0235_,8.28µm
FrameData[18],8.27µm
FrameData[30],8.27µm
N2END[6],8.27µm
S2END[0],8.27µm
S2END[4],8.27µm
Inst_LUT4AB_ConfigMem.Inst_Frame3_bit1.Q,8.26µm
W1BEG[3],8.26µm
_0132_,8.24µm
_0685_,8.22µm
E6BEG[11],8.21µm
SS4BEG[13],8.21µm
Inst_LUT4AB_ConfigMem.Inst_Frame6_bit16.Q,8.2µm
_0649_,8.18µm
N4BEG[12],8.17µm
Inst_LB_LUT4c_frame_config_dffesr.inst_cus_mux161_buf.A13,8.16µm
Inst_LD_LUT4c_frame_config_dffesr.inst_cus_mux161_buf.A12,8.14µm
_0040_,8.14µm
_0068_,8.14µm
net204,8.14µm
net225,8.14µm
_0112_,8.12µm
Inst_LUT4AB_ConfigMem.Inst_Frame3_bit14.Q,8.1µm
_0047_,8.1µm
_0372_,8.1µm
_0461_,8.1µm
_0599_,8.1µm
E2BEGb[2],8.09µm
E2BEGb[3],8.09µm
EE4BEG[1],8.09µm
EE4BEG[4],8.09µm
EE4BEG[7],8.09µm
FrameData_O[0],8.09µm
FrameData_O[21],8.09µm
FrameData_O[2],8.09µm
N2BEGb[2],8.09µm
N4BEG[10],8.09µm
N4BEG[9],8.09µm
NN4BEG[2],8.09µm
NN4BEG[9],8.09µm
S2BEGb[2],8.09µm
S4BEG[5],8.09µm
W2BEGb[5],8.09µm
W6BEG[3],8.09µm
WW4BEG[10],8.09µm
WW4BEG[1],8.09µm
_0008_,8.08µm
E2END[7],8.06µm
FrameData[22],8.06µm
Inst_LH_LUT4c_frame_config_dffesr.inst_cus_mux161_buf.A7,8.06µm
_0116_,8.06µm
_0420_,8.06µm
net62,8.06µm
net240,8.06µm
net242,8.06µm
net245,8.06µm
net247,8.06µm
net262,8.06µm
net291,8.06µm
net303,8.06µm
FrameData_O[16],8.05µm
FrameStrobe_O[19],8.05µm
FrameStrobe_O[1],8.05µm
FrameStrobe_O[7],8.05µm
N1BEG[2],8.05µm
N4BEG[13],8.05µm
N4BEG[15],8.05µm
NN4BEG[3],8.05µm
NN4BEG[8],8.05µm
_0579_,8.05µm
E2BEGb[7],8.04µm
E6BEG[2],8.04µm
E6BEG[9],8.04µm
FrameStrobe_O[10],8.04µm
net259,8.04µm
net288,8.04µm
net348,8.04µm
net254,8.02µm
Inst_LG_LUT4c_frame_config_dffesr.c_I0mux,7.98µm
Inst_LUT4AB_ConfigMem.Inst_Frame8_bit5.Q,7.98µm
_0174_,7.98µm
_0181_,7.98µm
_0030_,7.94µm
_0376_,7.94µm
_0635_,7.94µm
net197,7.94µm
net403,7.94µm
net414,7.94µm
EE4END[0],7.93µm
FrameStrobe[4],7.93µm
FrameStrobe[9],7.93µm
N2END[3],7.93µm
N4END[3],7.93µm
S4END[2],7.93µm
_0143_,7.88µm
_0488_,7.88µm
E6BEG[10],7.87µm
NN4BEG[15],7.87µm
WW4BEG[15],7.87µm
Inst_LUT4AB_ConfigMem.Inst_Frame9_bit15.Q,7.86µm
_0102_,7.86µm
_0114_,7.86µm
EE4BEG[10],7.84µm
Inst_LUT4AB_ConfigMem.Inst_Frame7_bit3.Q,7.84µm
W2BEGb[4],7.84µm
E2BEG[2],7.83µm
Inst_LA_LUT4c_frame_config_dffesr.inst_cus_mux161_buf.A9,7.82µm
Inst_LUT4AB_ConfigMem.Inst_Frame9_bit12.Q,7.76µm
E2MID[2],7.75µm
NN4BEG[5],7.75µm
S2MID[3],7.75µm
SS4BEG[3],7.75µm
W2BEGb[2],7.75µm
W2MID[3],7.75µm
Inst_LF_LUT4c_frame_config_dffesr.inst_cus_mux161_buf.A3,7.74µm
E2BEG[0],7.72µm
S1END[1],7.72µm
E2END[0],7.71µm
E2END[4],7.71µm
FrameData[23],7.71µm
FrameData[9],7.71µm
FrameStrobe[6],7.71µm
N1END[0],7.71µm
N4END[0],7.71µm
S1BEG[3],7.71µm
S2END[3],7.71µm
W6END[0],7.71µm
WW4END[1],7.71µm
_0232_,7.7µm
_0085_,7.66µm
Inst_LE_LUT4c_frame_config_dffesr.inst_cus_mux161_buf.A6,7.64µm
Inst_LF_LUT4c_frame_config_dffesr.inst_cus_mux161_buf.A11,7.64µm
_0069_,7.64µm
_0625_,7.64µm
E2MID[5],7.63µm
Inst_LUT4AB_ConfigMem.Inst_Frame4_bit15.Q,7.6µm
S1END[2],7.6µm
S4END[1],7.6µm
net65,7.6µm
net213,7.6µm
net214,7.6µm
net243,7.6µm
net248,7.6µm
net253,7.6µm
net276,7.6µm
net345,7.6µm
net368,7.6µm
net388,7.6µm
E1END[2],7.59µm
E2END[3],7.59µm
E2END[6],7.59µm
FrameStrobe[0],7.59µm
NN4END[2],7.59µm
net220,7.58µm
net308,7.58µm
Inst_LC_LUT4c_frame_config_dffesr.c_I0mux,7.56µm
Inst_LUT4AB_ConfigMem.Inst_Frame13_bit4.Q,7.56µm
_0401_,7.56µm
_0567_,7.56µm
_0677_,7.56µm
Inst_LE_LUT4c_frame_config_dffesr.inst_cus_mux161_buf.A4,7.52µm
_0050_,7.52µm
_0154_,7.52µm
net283,7.52µm
Inst_LD_LUT4c_frame_config_dffesr.c_I0mux,7.515µm
_0441_,7.5µm
S2BEG[7],7.49µm
W1BEG[2],7.49µm
Inst_LUT4AB_ConfigMem.Inst_Frame12_bit4.Q,7.48µm
_0387_,7.48µm
net332,7.48µm
net397,7.48µm
E6BEG[4],7.41µm
EE4BEG[5],7.41µm
FrameData_O[23],7.41µm
FrameData_O[25],7.41µm
FrameData_O[26],7.41µm
FrameData_O[27],7.41µm
FrameData_O[29],7.41µm
N4BEG[11],7.41µm
N4BEG[3],7.41µm
NN4BEG[1],7.41µm
NN4BEG[4],7.41µm
S2BEGb[3],7.41µm
S4BEG[1],7.41µm
S4BEG[9],7.41µm
SS4BEG[0],7.41µm
W2BEGb[3],7.41µm
W6BEG[4],7.41µm
WW4BEG[5],7.41µm
_0500_,7.4µm
N2BEGb[4],7.38µm
S4BEG[0],7.38µm
EE4BEG[3],7.37µm
FrameData_O[30],7.37µm
FrameStrobe_O[4],7.37µm
FrameStrobe_O[6],7.37µm
S4BEG[2],7.37µm
SS4BEG[4],7.37µm
W2BEG[7],7.37µm
W6BEG[0],7.37µm
_0563_,7.36µm
net275,7.36µm
Inst_LUT4AB_ConfigMem.Inst_Frame16_bit0.Q,7.345µm
Inst_LB_LUT4c_frame_config_dffesr.c_I0mux,7.34µm
Inst_LH_LUT4c_frame_config_dffesr.inst_cus_mux161_buf.A10,7.34µm
Inst_LUT4AB_ConfigMem.Inst_Frame11_bit13.Q,7.34µm
Inst_LUT4AB_ConfigMem.Inst_Frame6_bit2.Q,7.32µm
_0034_,7.32µm
Inst_LUT4AB_ConfigMem.Inst_Frame10_bit21.Q,7.3µm
Inst_LUT4AB_ConfigMem.Inst_Frame8_bit24.Q,7.3µm
Inst_LD_LUT4c_frame_config_dffesr.inst_cus_mux161_buf.A2,7.28µm
_0439_,7.28µm
S2END[5],7.26µm
S2MID[4],7.26µm
_0039_,7.26µm
_0295_,7.26µm
EE4END[3],7.25µm
FrameData[17],7.25µm
FrameStrobe[19],7.25µm
S2END[6],7.25µm
W6END[1],7.25µm
WW4END[3],7.25µm
Inst_LUT4AB_ConfigMem.Inst_Frame4_bit23.Q,7.24µm
Inst_LB_LUT4c_frame_config_dffesr.inst_cus_mux161_buf.A12,7.22µm
_0501_,7.22µm
net380,7.22µm
net648,7.22µm
_0557_,7.2µm
W6BEG[11],7.19µm
WW4BEG[13],7.19µm
Inst_LB_LUT4c_frame_config_dffesr.inst_cus_mux161_buf.A2,7.18µm
_0542_,7.16µm
E1BEG[2],7.15µm
N2BEG[1],7.15µm
SS4BEG[14],7.15µm
S2END[1],7.14µm
SS4END[1],7.14µm
_0258_,7.14µm
_0314_,7.14µm
_0540_,7.14µm
_0632_,7.14µm
net177,7.14µm
net215,7.14µm
net239,7.14µm
net241,7.14µm
net252,7.14µm
net282,7.14µm
net628,7.125µm
net307,7.12µm
net412,7.12µm
Inst_LUT4AB_switch_matrix.E6BEG0,7.1µm
_0412_,7.1µm
_0527_,7.1µm
net207,7.1µm
EE4BEG[2],7.07µm
N2BEGb[3],7.07µm
N4BEG[4],7.07µm
N4BEG[5],7.07µm
S2MID[2],7.07µm
S2MID[5],7.07µm
WW4BEG[9],7.07µm
Inst_LE_LUT4c_frame_config_dffesr.inst_cus_mux161_buf.A2,7.06µm
Inst_LUT4AB_ConfigMem.Inst_Frame13_bit27.Q,7.06µm
_0222_,7.06µm
_0351_,7.06µm
E2BEG[7],7.03µm
FrameData[16],7.03µm
FrameStrobe[5],7.03µm
FrameStrobe_O[5],7.03µm
N2BEG[2],7.03µm
N2END[2],7.03µm
NN4END[0],7.03µm
S4BEG[14],7.03µm
S4BEG[15],7.03µm
W2BEG[3],7.03µm
W2END[0],7.03µm
Inst_LUT4AB_ConfigMem.Inst_Frame3_bit9.Q,6.98µm
_0543_,6.98µm
FrameData[26],6.95µm
FrameData[28],6.95µm
FrameData[29],6.95µm
_0492_,6.94µm
E1BEG[1],6.92µm
E2BEGb[4],6.92µm
EE4BEG[0],6.92µm
EE4BEG[6],6.92µm
FrameData_O[22],6.92µm
FrameData_O[24],6.92µm
N4BEG[2],6.92µm
N4BEG[7],6.92µm
NN4BEG[11],6.92µm
S4BEG[4],6.92µm
S4BEG[8],6.92µm
SS4BEG[5],6.92µm
WW4BEG[11],6.92µm
WW4BEG[7],6.92µm
_0180_,6.92µm
EE4END[2],6.91µm
FrameStrobe[1],6.91µm
S2END[2],6.91µm
_0103_,6.9µm
_0647_,6.9µm
Inst_LUT4AB_ConfigMem.Inst_Frame13_bit3.Q,6.86µm
E1END[1],6.8µm
FrameData[13],6.8µm
FrameData[15],6.8µm
FrameData[20],6.8µm
FrameData[24],6.8µm
N2MID[4],6.8µm
S1END[3],6.8µm
Inst_LUT4AB_ConfigMem.Inst_Frame10_bit9.Q,6.78µm
Inst_LUT4AB_ConfigMem.Inst_Frame4_bit2.Q,6.78µm
Inst_LUT4AB_ConfigMem.Inst_Frame14_bit29.Q,6.76µm
_0091_,6.76µm
_0147_,6.76µm
_0274_,6.76µm
_0468_,6.76µm
_0498_,6.76µm
_0512_,6.76µm
E2BEG[3],6.73µm
E2BEGb[5],6.73µm
E6BEG[0],6.73µm
E6BEG[1],6.73µm
E6BEG[8],6.73µm
EE4BEG[8],6.73µm
FrameData[25],6.73µm
FrameData_O[28],6.73µm
FrameData_O[3],6.73µm
N1BEG[0],6.73µm
N2BEGb[5],6.73µm
N2MID[3],6.73µm
N4BEG[0],6.73µm
N4BEG[6],6.73µm
NN4BEG[0],6.73µm
NN4BEG[10],6.73µm
NN4BEG[6],6.73µm
S2BEGb[5],6.73µm
SS4BEG[11],6.73µm
SS4BEG[7],6.73µm
SS4BEG[8],6.73µm
W6BEG[1],6.73µm
W6BEG[7],6.73µm
W6BEG[8],6.73µm
WW4BEG[3],6.73µm
Inst_LA_LUT4c_frame_config_dffesr.inst_cus_mux161_buf.A15,6.72µm
Inst_LB_LUT4c_frame_config_dffesr.inst_cus_mux161_buf.A10,6.72µm
Inst_LB_LUT4c_frame_config_dffesr.inst_cus_mux161_buf.A4,6.72µm
_0086_,6.72µm
_0151_,6.72µm
_0419_,6.72µm
_0534_,6.72µm
_0580_,6.72µm
_0597_,6.72µm
Inst_LUT4AB_ConfigMem.Inst_Frame1_bit29.Q,6.7µm
FrameData[19],6.69µm
FrameData[7],6.69µm
FrameData_O[13],6.69µm
FrameData_O[17],6.69µm
FrameStrobe_O[0],6.69µm
FrameStrobe_O[2],6.69µm
FrameStrobe_O[3],6.69µm
S4BEG[12],6.69µm
S4BEG[6],6.69µm
S4END[0],6.69µm
SS4END[2],6.69µm
W2BEG[1],6.69µm
WW4BEG[8],6.69µm
FrameData[14],6.68µm
N2END[1],6.68µm
N2END[7],6.68µm
N4END[1],6.68µm
S2END[7],6.68µm
W2END[1],6.68µm
W2END[5],6.68µm
Inst_LE_LUT4c_frame_config_dffesr.inst_cus_mux161_buf.A3,6.66µm
Inst_LUT4AB_ConfigMem.Inst_Frame14_bit10.Q,6.66µm
_0163_,6.66µm
net257,6.66µm
Inst_LB_LUT4c_frame_config_dffesr.LUT_flop,6.64µm
Inst_LUT4AB_ConfigMem.Inst_Frame11_bit7.Q,6.64µm
Inst_LUT4AB_ConfigMem.Inst_Frame17_bit1.Q,6.64µm
Inst_LUT4AB_ConfigMem.Inst_Frame3_bit18.Q,6.64µm
_0025_,6.64µm
_0195_,6.64µm
_0369_,6.64µm
_0627_,6.64µm
_0236_,6.62µm
Inst_LC_LUT4c_frame_config_dffesr.inst_cus_mux161_buf.A11,6.6µm
Inst_LD_LUT4c_frame_config_dffesr.inst_cus_mux161_buf.A3,6.6µm
_0310_,6.6µm
_0347_,6.6µm
_0462_,6.6µm
_0489_,6.6µm
_0602_,6.6µm
_0678_,6.6µm
E6END[0],6.57µm
N2END[0],6.57µm
N4END[2],6.57µm
W2END[2],6.57µm
W2END[4],6.57µm
_0279_,6.54µm
_0506_,6.52µm
_0024_,6.5µm
E2BEG[5],6.46µm
EE4BEG[9],6.46µm
N4BEG[8],6.46µm
S4BEG[10],6.46µm
_0026_,6.46µm
Inst_LUT4AB_ConfigMem.Inst_Frame4_bit25.Q,6.45µm
Inst_LUT4AB_ConfigMem.Inst_Frame4_bit4.Q,6.42µm
_0411_,6.42µm
Inst_LA_LUT4c_frame_config_dffesr.inst_cus_mux161_buf.A5,6.38µm
Inst_LUT4AB_ConfigMem.Inst_Frame5_bit8.Q,6.38µm
Inst_LUT4AB_ConfigMem.Inst_Frame9_bit22.Q,6.38µm
_0234_,6.38µm
_0574_,6.38µm
_0089_,6.36µm
N2BEG[4],6.34µm
SS4BEG[12],6.34µm
Inst_LUT4AB_ConfigMem.Inst_Frame0_bit24.Q,6.32µm
_0070_,6.32µm
_0383_,6.32µm
_0503_,6.32µm
Inst_LUT4AB_switch_matrix.N1BEG0,6.3µm
_0199_,6.3µm
_0316_,6.3µm
_0566_,6.3µm
_0657_,6.28µm
W2MID[5],6.27µm
Inst_LB_LUT4c_frame_config_dffesr.inst_cus_mux161_buf.A0,6.26µm
Inst_LB_LUT4c_frame_config_dffesr.inst_cus_mux161_buf.A8,6.26µm
Inst_LUT4AB_ConfigMem.Inst_Frame8_bit28.Q,6.26µm
_0601_,6.26µm
_0650_,6.26µm
EE4END[1],6.23µm
FrameStrobe[2],6.23µm
FrameStrobe[3],6.23µm
FrameStrobe[7],6.23µm
N1END[2],6.23µm
SS4END[0],6.23µm
W2END[3],6.23µm
Inst_LG_LUT4c_frame_config_dffesr.inst_cus_mux161_buf.A7,6.2µm
Inst_LUT4AB_ConfigMem.Inst_Frame9_bit9.Q,6.2µm
net270,6.2µm
net289,6.2µm
net376,6.2µm
Inst_LE_LUT4c_frame_config_dffesr.inst_cus_mux161_buf.A11,6.18µm
Inst_LUT4AB_ConfigMem.Inst_Frame13_bit6.Q,6.18µm
_0060_,6.18µm
_0276_,6.18µm
_0384_,6.18µm
Inst_LC_LUT4c_frame_config_dffesr.inst_cus_mux161_buf.A14,6.14µm
Inst_LF_LUT4c_frame_config_dffesr.c_reset_value,6.14µm
Inst_LUT4AB_ConfigMem.Inst_Frame15_bit0.Q,6.14µm
Inst_LUT4AB_ConfigMem.Inst_Frame19_bit16.Q,6.14µm
Inst_LUT4AB_ConfigMem.Inst_Frame3_bit31.Q,6.14µm
_0037_,6.14µm
_0342_,6.14µm
_0428_,6.14µm
Inst_LUT4AB_ConfigMem.Inst_Frame12_bit3.Q,6.06µm
_0067_,6.06µm
E6BEG[7],6µm
_0135_,5.98µm
_0613_,5.98µm
Inst_LUT4AB_ConfigMem.Inst_Frame9_bit10.Q,5.96µm
Inst_LUT4AB_ConfigMem.Inst_Frame9_bit17.Q,5.94µm
Inst_LA_LUT4c_frame_config_dffesr.inst_cus_mux161_buf.A0,5.9µm
_0521_,5.86µm
Inst_LB_LUT4c_frame_config_dffesr.inst_cus_mux161_buf.A7,5.84µm
_0568_,5.84µm
_0572_,5.84µm
_0622_,5.84µm
Inst_LC_LUT4c_frame_config_dffesr.inst_cus_mux161_buf.A15,5.805µm
Inst_LC_LUT4c_frame_config_dffesr.inst_cus_mux161_buf.A5,5.8µm
Inst_LE_LUT4c_frame_config_dffesr.inst_cus_mux161_buf.A7,5.8µm
_0058_,5.8µm
_0200_,5.8µm
_0332_,5.8µm
_0434_,5.8µm
_0693_,5.8µm
net360,5.8µm
_0000_,5.765µm
Inst_LUT4AB_ConfigMem.Inst_Frame13_bit2.Q,5.74µm
Inst_LB_LUT4c_frame_config_dffesr.inst_cus_mux161_buf.A5,5.72µm
Inst_LD_LUT4c_frame_config_dffesr.inst_cus_mux161_buf.A9,5.72µm
Inst_LG_LUT4c_frame_config_dffesr.inst_cus_mux161_buf.A5,5.72µm
Inst_LUT4AB_ConfigMem.Inst_Frame3_bit4.Q,5.72µm
Inst_LUT4AB_ConfigMem.Inst_Frame6_bit20.Q,5.72µm
_0028_,5.72µm
_0479_,5.72µm
Inst_LUT4AB_ConfigMem.Inst_Frame0_bit3.Q,5.7µm
Inst_LA_LUT4c_frame_config_dffesr.inst_cus_mux161_buf.A3,5.68µm
Inst_LF_LUT4c_frame_config_dffesr.inst_cus_mux161_buf.A1,5.68µm
Inst_LUT4AB_ConfigMem.Inst_Frame12_bit31.Q,5.68µm
Inst_LUT4AB_ConfigMem.Inst_Frame15_bit3.Q,5.68µm
Inst_LUT4AB_ConfigMem.Inst_Frame5_bit10.Q,5.68µm
Inst_LUT4AB_ConfigMem.Inst_Frame9_bit2.Q,5.68µm
Inst_LUT4AB_ConfigMem.Inst_Frame9_bit27.Q,5.68µm
_0186_,5.68µm
_0528_,5.62µm
Inst_LUT4AB_ConfigMem.Inst_Frame6_bit6.Q,5.6µm
_0201_,5.58µm
Inst_LUT4AB_ConfigMem.Inst_Frame11_bit9.Q,5.56µm
_0668_,5.56µm
Inst_LUT4AB_ConfigMem.Inst_Frame5_bit6.Q,5.5µm
Inst_LUT4AB_ConfigMem.Inst_Frame6_bit0.Q,5.5µm
Inst_LUT4AB_ConfigMem.Inst_Frame4_bit0.Q,5.49µm
_0087_,5.48µm
Inst_LUT4AB_ConfigMem.Inst_Frame5_bit1.Q,5.46µm
_0176_,5.46µm
_0451_,5.46µm
Inst_LUT4AB_ConfigMem.Inst_Frame0_bit5.Q,5.44µm
Inst_LG_LUT4c_frame_config_dffesr.inst_cus_mux161_buf.A6,5.4µm
_0558_,5.4µm
Inst_LUT4AB_ConfigMem.Inst_Frame0_bit19.Q,5.38µm
_0049_,5.38µm
_0184_,5.38µm
_0189_,5.38µm
_0493_,5.38µm
_0495_,5.38µm
_0670_,5.38µm
net295,5.38µm
Inst_LG_LUT4c_frame_config_dffesr.c_out_mux,5.365µm
Inst_LA_LUT4c_frame_config_dffesr.inst_cus_mux161_buf.A12,5.34µm
Inst_LF_LUT4c_frame_config_dffesr.c_I0mux,5.34µm
Inst_LUT4AB_ConfigMem.Inst_Frame10_bit22.Q,5.34µm
_0483_,5.34µm
Inst_LUT4AB_ConfigMem.Inst_Frame15_bit5.Q,5.32µm
_0131_,5.28µm
_0516_,5.28µm
_0005_,5.265µm
Inst_LD_LUT4c_frame_config_dffesr.inst_cus_mux161_buf.A0,5.26µm
Inst_LF_LUT4c_frame_config_dffesr.inst_cus_mux161_buf.A8,5.26µm
Inst_LG_LUT4c_frame_config_dffesr.inst_cus_mux161_buf.A1,5.26µm
Inst_LUT4AB_ConfigMem.Inst_Frame7_bit24.Q,5.26µm
_0348_,5.26µm
_0465_,5.26µm
_0467_,5.26µm
Inst_LC_LUT4c_frame_config_dffesr.inst_cus_mux161_buf.A10,5.22µm
Inst_LUT4AB_ConfigMem.Inst_Frame10_bit2.Q,5.22µm
Inst_LUT4AB_ConfigMem.Inst_Frame11_bit11.Q,5.22µm
Inst_LUT4AB_ConfigMem.Inst_Frame3_bit10.Q,5.22µm
Inst_LUT4AB_ConfigMem.Inst_Frame6_bit21.Q,5.22µm
Inst_LUT4AB_ConfigMem.Inst_Frame9_bit7.Q,5.22µm
_0457_,5.22µm
_0590_,5.22µm
Inst_LUT4AB_ConfigMem.Inst_Frame7_bit26.Q,5.19µm
Inst_LUT4AB_ConfigMem.Inst_Frame5_bit9.Q,5.15µm
Inst_LD_LUT4c_frame_config_dffesr.inst_cus_mux161_buf.A5,5.14µm
Inst_LUT4AB_ConfigMem.Inst_Frame7_bit31.Q,5.14µm
_0491_,5.14µm
_0374_,5.135µm
Inst_LA_LUT4c_frame_config_dffesr.inst_cus_mux161_buf.A6,5.12µm
_0329_,5.12µm
Inst_LUT4AB_ConfigMem.Inst_Frame3_bit26.Q,5.1µm
_0007_,5.085µm
Inst_LUT4AB_switch_matrix.JW2BEG7,5.06µm
Inst_LUT4AB_ConfigMem.Inst_Frame10_bit28.Q,5.04µm
Inst_LF_LUT4c_frame_config_dffesr.inst_cus_mux161_buf.A13,5µm
Inst_LUT4AB_ConfigMem.Inst_Frame0_bit17.Q,5µm
Inst_LUT4AB_ConfigMem.Inst_Frame6_bit27.Q,5µm
Inst_LUT4AB_ConfigMem.Inst_Frame9_bit29.Q,5µm
_0190_,4.94µm
Inst_LE_LUT4c_frame_config_dffesr.inst_cus_mux161_buf.A8,4.92µm
Inst_LG_LUT4c_frame_config_dffesr.inst_cus_mux161_buf.A9,4.92µm
Inst_LUT4AB_ConfigMem.Inst_Frame2_bit28.Q,4.92µm
Inst_LG_LUT4c_frame_config_dffesr.inst_cus_mux161_buf.A11,4.88µm
Inst_LG_LUT4c_frame_config_dffesr.inst_cus_mux161_buf.A13,4.88µm
Inst_LUT4AB_ConfigMem.Inst_Frame12_bit9.Q,4.88µm
Inst_LUT4AB_ConfigMem.Inst_Frame13_bit0.Q,4.88µm
Inst_LUT4AB_ConfigMem.Inst_Frame7_bit19.Q,4.88µm
Inst_LUT4AB_ConfigMem.Inst_Frame8_bit31.Q,4.88µm
_0356_,4.88µm
_0375_,4.88µm
Inst_LUT4AB_ConfigMem.Inst_Frame19_bit5.Q,4.87µm
Inst_LUT4AB_ConfigMem.Inst_Frame0_bit23.Q,4.85µm
_0101_,4.82µm
_0485_,4.82µm
Inst_LD_LUT4c_frame_config_dffesr.inst_cus_mux161_buf.A13,4.8µm
Inst_LH_LUT4c_frame_config_dffesr.inst_cus_mux161_buf.A11,4.8µm
Inst_LUT4AB_ConfigMem.Inst_Frame10_bit6.Q,4.8µm
Inst_LUT4AB_ConfigMem.Inst_Frame13_bit28.Q,4.8µm
Inst_LUT4AB_ConfigMem.Inst_Frame8_bit29.Q,4.8µm
Inst_LUT4AB_ConfigMem.Inst_Frame10_bit0.Q,4.76µm
Inst_LUT4AB_ConfigMem.Inst_Frame11_bit0.Q,4.76µm
Inst_LUT4AB_ConfigMem.Inst_Frame11_bit24.Q,4.76µm
Inst_LUT4AB_ConfigMem.Inst_Frame1_bit4.Q,4.76µm
Inst_LUT4AB_ConfigMem.Inst_Frame6_bit29.Q,4.76µm
Inst_LUT4AB_ConfigMem.Inst_Frame8_bit12.Q,4.76µm
Inst_LUT4AB_ConfigMem.Inst_Frame9_bit5.Q,4.76µm
_0128_,4.76µm
_0363_,4.76µm
Inst_LC_LUT4c_frame_config_dffesr.inst_cus_mux161_buf.A2,4.68µm
Inst_LC_LUT4c_frame_config_dffesr.inst_cus_mux161_buf.A9,4.68µm
Inst_LUT4AB_ConfigMem.Inst_Frame18_bit1.Q,4.68µm
_0367_,4.68µm
_0690_,4.66µm
Inst_LUT4AB_switch_matrix.NN4BEG3,4.6µm
_0426_,4.6µm
_0004_,4.585µm
Inst_LUT4AB_ConfigMem.Inst_Frame2_bit27.Q,4.58µm
Inst_LUT4AB_ConfigMem.Inst_Frame15_bit28.Q,4.54µm
Inst_LUT4AB_ConfigMem.Inst_Frame8_bit1.Q,4.54µm
Inst_LUT4AB_ConfigMem.Inst_Frame12_bit6.Q,4.48µm
_0202_,4.48µm
_0409_,4.48µm
_0539_,4.48µm
Inst_LG_LUT4c_frame_config_dffesr.inst_cus_mux161_buf.A8,4.46µm
Inst_LUT4AB_ConfigMem.Inst_Frame11_bit25.Q,4.46µm
Inst_LUT4AB_ConfigMem.Inst_Frame12_bit0.Q,4.46µm
_0042_,4.46µm
_0148_,4.46µm
_0379_,4.46µm
_0526_,4.46µm
Inst_LH_LUT4c_frame_config_dffesr.LUT_flop,4.42µm
Inst_LUT4AB_ConfigMem.Inst_Frame10_bit7.Q,4.42µm
Inst_LUT4AB_ConfigMem.Inst_Frame14_bit6.Q,4.42µm
Inst_LUT4AB_ConfigMem.Inst_Frame17_bit2.Q,4.42µm
Inst_LUT4AB_ConfigMem.Inst_Frame2_bit4.Q,4.42µm
Inst_LUT4AB_ConfigMem.Inst_Frame4_bit6.Q,4.42µm
_0156_,4.42µm
_0298_,4.42µm
_0444_,4.42µm
net634,4.42µm
Inst_LUT4AB_ConfigMem.Inst_Frame11_bit1.Q,4.41µm
Inst_LH_LUT4c_frame_config_dffesr.c_out_mux,4.36µm
_0604_,4.36µm
Inst_LD_LUT4c_frame_config_dffesr.inst_cus_mux161_buf.A1,4.34µm
Inst_LF_LUT4c_frame_config_dffesr.c_out_mux,4.34µm
Inst_LF_LUT4c_frame_config_dffesr.inst_cus_mux161_buf.A14,4.34µm
Inst_LUT4AB_ConfigMem.Inst_Frame11_bit14.Q,4.34µm
Inst_LUT4AB_ConfigMem.Inst_Frame2_bit5.Q,4.34µm
Inst_LUT4AB_ConfigMem.Inst_Frame9_bit31.Q,4.34µm
_0353_,4.34µm
net682,4.34µm
Inst_LUT4AB_ConfigMem.Inst_Frame1_bit18.Q,4.24µm
Inst_LE_LUT4c_frame_config_dffesr.c_reset_value,4.22µm
_0002_,4.165µm
_0248_,4.14µm
_0430_,4.14µm
Inst_LUT4AB_ConfigMem.Inst_Frame0_bit14.Q,4.12µm
Inst_LUT4AB_ConfigMem.Inst_Frame14_bit1.Q,4.12µm
Inst_LUT4AB_ConfigMem.Inst_Frame7_bit1.Q,4.12µm
_0045_,4.12µm
_0406_,4.12µm
Inst_LUT4AB_ConfigMem.Inst_Frame12_bit22.Q,4.08µm
_0576_,4.02µm
Inst_LC_LUT4c_frame_config_dffesr.c_reset_value,4µm
Inst_LF_LUT4c_frame_config_dffesr.inst_cus_mux161_buf.A2,4µm
Inst_LG_LUT4c_frame_config_dffesr.c_reset_value,4µm
Inst_LUT4AB_ConfigMem.Inst_Frame9_bit24.Q,4µm
_0064_,4µm
_0196_,4µm
_0231_,4µm
_0438_,4µm
_0556_,4µm
_0575_,4µm
_0633_,4µm
Inst_LUT4AB_ConfigMem.Inst_Frame11_bit5.Q,3.98µm
Inst_LUT4AB_ConfigMem.Inst_Frame14_bit26.Q,3.98µm
Inst_LUT4AB_ConfigMem.Inst_Frame11_bit12.Q,3.93µm
Inst_LC_LUT4c_frame_config_dffesr.c_out_mux,3.9µm
Inst_LD_LUT4c_frame_config_dffesr.inst_cus_mux161_buf.A8,3.9µm
Inst_LH_LUT4c_frame_config_dffesr.inst_cus_mux161_buf.A0,3.9µm
Inst_LUT4AB_ConfigMem.Inst_Frame19_bit22.Q,3.9µm
Inst_LUT4AB_ConfigMem.Inst_Frame3_bit3.Q,3.9µm
Inst_LUT4AB_ConfigMem.Inst_Frame3_bit5.Q,3.9µm
Inst_LUT4AB_ConfigMem.Inst_Frame5_bit0.Q,3.9µm
Inst_LUT4AB_ConfigMem.Inst_Frame8_bit6.Q,3.9µm
_0403_,3.9µm
_0646_,3.9µm
Inst_LB_LUT4c_frame_config_dffesr.inst_cus_mux161_buf.A14,3.88µm
Inst_LE_LUT4c_frame_config_dffesr.inst_cus_mux161_buf.A14,3.88µm
Inst_LUT4AB_ConfigMem.Inst_Frame11_bit29.Q,3.88µm
Inst_LUT4AB_ConfigMem.Inst_Frame19_bit20.Q,3.88µm
Inst_LUT4AB_ConfigMem.Inst_Frame3_bit28.Q,3.88µm
Inst_LUT4AB_ConfigMem.Inst_Frame6_bit30.Q,3.88µm
Inst_LUT4AB_ConfigMem.Inst_Frame7_bit28.Q,3.88µm
Inst_LUT4AB_ConfigMem.Inst_Frame8_bit15.Q,3.88µm
Inst_LUT4AB_ConfigMem.Inst_Frame8_bit22.Q,3.88µm
_0408_,3.88µm
_0609_,3.88µm
Inst_LUT4AB_ConfigMem.Inst_Frame6_bit1.Q,3.86µm
Inst_LUT4AB_ConfigMem.Inst_Frame6_bit3.Q,3.86µm
Inst_LUT4AB_ConfigMem.Inst_Frame14_bit11.Q,3.79µm
Inst_LC_LUT4c_frame_config_dffesr.inst_cus_mux161_buf.A6,3.785µm
_0634_,3.78µm
Inst_LH_LUT4c_frame_config_dffesr.inst_cus_mux161_buf.A14,3.76µm
_0546_,3.76µm
_0524_,3.69µm
_0555_,3.68µm
_0689_,3.68µm
Inst_LC_LUT4c_frame_config_dffesr.inst_cus_mux161_buf.A1,3.66µm
Inst_LUT4AB_ConfigMem.Inst_Frame0_bit1.Q,3.66µm
Inst_LUT4AB_ConfigMem.Inst_Frame10_bit4.Q,3.66µm
Inst_LUT4AB_ConfigMem.Inst_Frame14_bit2.Q,3.66µm
Inst_LUT4AB_ConfigMem.Inst_Frame15_bit26.Q,3.66µm
Inst_LUT4AB_ConfigMem.Inst_Frame2_bit7.Q,3.66µm
Inst_LUT4AB_ConfigMem.Inst_Frame7_bit30.Q,3.66µm
_0134_,3.66µm
_0545_,3.66µm
Inst_LH_LUT4c_frame_config_dffesr.inst_cus_mux161_buf.A6,3.65µm
Inst_LUT4AB_ConfigMem.Inst_Frame14_bit25.Q,3.64µm
Inst_LUT4AB_ConfigMem.Inst_Frame10_bit25.Q,3.56µm
Inst_LUT4AB_ConfigMem.Inst_Frame6_bit26.Q,3.56µm
Inst_LE_LUT4c_frame_config_dffesr.inst_cus_mux161_buf.A1,3.54µm
Inst_LF_LUT4c_frame_config_dffesr.inst_cus_mux161_buf.A6,3.54µm
Inst_LUT4AB_ConfigMem.Inst_Frame11_bit22.Q,3.54µm
Inst_LUT4AB_ConfigMem.Inst_Frame9_bit25.Q,3.54µm
_0036_,3.54µm
_0215_,3.54µm
_0330_,3.54µm
_0484_,3.54µm
_0517_,3.54µm
_0578_,3.54µm
_0638_,3.505µm
Inst_LUT4AB_ConfigMem.Inst_Frame0_bit13.Q,3.49µm
Inst_LE_LUT4c_frame_config_dffesr.c_out_mux,3.44µm
Inst_LUT4AB_ConfigMem.Inst_Frame16_bit31.Q,3.44µm
Inst_LUT4AB_ConfigMem.Inst_Frame8_bit0.Q,3.44µm
_0496_,3.44µm
_0497_,3.44µm
Inst_LA_LUT4c_frame_config_dffesr.inst_cus_mux161_buf.A11,3.42µm
Inst_LD_LUT4c_frame_config_dffesr.inst_cus_mux161_buf.A6,3.42µm
Inst_LG_LUT4c_frame_config_dffesr.inst_cus_mux161_buf.A0,3.42µm
Inst_LG_LUT4c_frame_config_dffesr.inst_cus_mux161_buf.A15,3.42µm
Inst_LH_LUT4c_frame_config_dffesr.inst_cus_mux161_buf.A15,3.42µm
Inst_LUT4AB_ConfigMem.Inst_Frame1_bit19.Q,3.42µm
Inst_LUT4AB_ConfigMem.Inst_Frame2_bit26.Q,3.42µm
_0009_,3.42µm
_0263_,3.42µm
_0361_,3.42µm
_0425_,3.42µm
_0454_,3.42µm
_0475_,3.42µm
_0598_,3.42µm
_0672_,3.42µm
Inst_LUT4AB_ConfigMem.Inst_Frame11_bit4.Q,3.3µm
Inst_LUT4AB_ConfigMem.Inst_Frame11_bit6.Q,3.3µm
Inst_LUT4AB_ConfigMem.Inst_Frame9_bit26.Q,3.3µm
_0177_,3.3µm
_0262_,3.3µm
_0346_,3.3µm
_0536_,3.29µm
_0368_,3.22µm
_0449_,3.22µm
Inst_LD_LUT4c_frame_config_dffesr.c_reset_value,3.2µm
Inst_LF_LUT4c_frame_config_dffesr.inst_cus_mux161_buf.A0,3.2µm
Inst_LUT4AB_ConfigMem.Inst_Frame10_bit10.Q,3.2µm
Inst_LUT4AB_ConfigMem.Inst_Frame5_bit7.Q,3.2µm
Inst_LUT4AB_ConfigMem.Inst_Frame8_bit2.Q,3.2µm
_0382_,3.2µm
Inst_LD_LUT4c_frame_config_dffesr.inst_cus_mux161_buf.A15,3.1µm
_0397_,3.1µm
Inst_LA_LUT4c_frame_config_dffesr.c_out_mux,3.08µm
Inst_LB_LUT4c_frame_config_dffesr.inst_cus_mux161_buf.A3,3.08µm
Inst_LH_LUT4c_frame_config_dffesr.inst_cus_mux161_buf.A9,3.08µm
Inst_LUT4AB_ConfigMem.Inst_Frame0_bit16.Q,3.08µm
Inst_LUT4AB_ConfigMem.Inst_Frame13_bit26.Q,3.08µm
Inst_LUT4AB_ConfigMem.Inst_Frame18_bit30.Q,3.08µm
_0251_,3.08µm
_0278_,3.08µm
_0339_,3.08µm
_0520_,3.08µm
_0562_,3.08µm
_0600_,3.08µm
_0681_,3.08µm
Inst_LUT4AB_ConfigMem.Inst_Frame9_bit8.Q,3.01µm
Inst_LB_LUT4c_frame_config_dffesr.inst_cus_mux161_buf.A11,2.98µm
Inst_LC_LUT4c_frame_config_dffesr.inst_cus_mux161_buf.A13,2.96µm
Inst_LD_LUT4c_frame_config_dffesr.c_out_mux,2.96µm
Inst_LF_LUT4c_frame_config_dffesr.inst_cus_mux161_buf.A12,2.96µm
Inst_LH_LUT4c_frame_config_dffesr.inst_cus_mux161_buf.A4,2.96µm
Inst_LUT4AB_ConfigMem.Inst_Frame14_bit13.Q,2.96µm
Inst_LUT4AB_ConfigMem.Inst_Frame5_bit3.Q,2.96µm
Inst_LUT4AB_ConfigMem.Inst_Frame9_bit19.Q,2.96µm
_0038_,2.96µm
_0066_,2.96µm
_0145_,2.96µm
_0371_,2.96µm
_0407_,2.96µm
_0486_,2.96µm
_0658_,2.96µm
Inst_LUT4AB_ConfigMem.Inst_Frame11_bit3.Q,2.89µm
Inst_LUT4AB_ConfigMem.Inst_Frame9_bit11.Q,2.89µm
_0533_,2.89µm
Inst_LA_LUT4c_frame_config_dffesr.inst_cus_mux161_buf.A4,2.86µm
_0219_,2.86µm
_0402_,2.86µm
Inst_LUT4AB_ConfigMem.Inst_Frame13_bit21.Q,2.84µm
Inst_LUT4AB_ConfigMem.Inst_Frame9_bit14.Q,2.84µm
_0350_,2.84µm
_0001_,2.785µm
Inst_LA_LUT4c_frame_config_dffesr.c_reset_value,2.76µm
_0187_,2.76µm
_0416_,2.76µm
_0587_,2.76µm
_0618_,2.76µm
Inst_LUT4AB_ConfigMem.Inst_Frame2_bit25.Q,2.74µm
Inst_LUT4AB_ConfigMem.Inst_Frame4_bit26.Q,2.74µm
_0669_,2.74µm
net681,2.72µm
_0692_,2.64µm
Inst_LE_LUT4c_frame_config_dffesr.c_I0mux,2.62µm
Inst_LUT4AB_ConfigMem.Inst_Frame12_bit5.Q,2.62µm
Inst_LUT4AB_ConfigMem.Inst_Frame9_bit30.Q,2.62µm
_0117_,2.62µm
_0142_,2.62µm
_0293_,2.62µm
_0476_,2.62µm
_0507_,2.62µm
_0525_,2.62µm
_0547_,2.62µm
_0611_,2.62µm
_0648_,2.62µm
_0666_,2.62µm
Inst_LUT4AB_ConfigMem.Inst_Frame19_bit2.Q,2.57µm
Inst_LUT4AB_ConfigMem.Inst_Frame4_bit9.Q,2.57µm
Inst_LF_LUT4c_frame_config_dffesr.inst_cus_mux161_buf.A10,2.525µm
Inst_LH_LUT4c_frame_config_dffesr.inst_cus_mux161_buf.A8,2.52µm
_0550_,2.52µm
Inst_LF_LUT4c_frame_config_dffesr.inst_cus_mux161_buf.A15,2.505µm
Inst_LA_LUT4c_frame_config_dffesr.inst_cus_mux161_buf.A1,2.5µm
Inst_LB_LUT4c_frame_config_dffesr.inst_cus_mux161_buf.A15,2.5µm
Inst_LF_LUT4c_frame_config_dffesr.inst_cus_mux161_buf.A5,2.5µm
Inst_LUT4AB_ConfigMem.Inst_Frame0_bit0.Q,2.5µm
Inst_LUT4AB_ConfigMem.Inst_Frame11_bit23.Q,2.5µm
Inst_LUT4AB_ConfigMem.Inst_Frame13_bit24.Q,2.5µm
Inst_LUT4AB_ConfigMem.Inst_Frame13_bit8.Q,2.5µm
Inst_LUT4AB_ConfigMem.Inst_Frame14_bit3.Q,2.5µm
Inst_LUT4AB_ConfigMem.Inst_Frame14_bit9.Q,2.5µm
Inst_LUT4AB_ConfigMem.Inst_Frame3_bit6.Q,2.5µm
Inst_LUT4AB_ConfigMem.Inst_Frame5_bit30.Q,2.5µm
Inst_LUT4AB_ConfigMem.Inst_Frame6_bit28.Q,2.5µm
Inst_LUT4AB_ConfigMem.Inst_Frame7_bit27.Q,2.5µm
Inst_LUT4AB_ConfigMem.Inst_Frame8_bit23.Q,2.5µm
Inst_LUT4AB_ConfigMem.Inst_Frame8_bit30.Q,2.5µm
Inst_LUT4AB_ConfigMem.Inst_Frame8_bit4.Q,2.5µm
_0118_,2.5µm
_0127_,2.5µm
_0233_,2.5µm
_0365_,2.5µm
_0679_,2.5µm
_0680_,2.5µm
_0481_,2.4µm
_0450_,2.375µm
Inst_LA_LUT4c_frame_config_dffesr.inst_cus_mux161_buf.A10,2.3µm
_0505_,2.3µm
_0573_,2.3µm
_0584_,2.3µm
Inst_LUT4AB_ConfigMem.Inst_Frame11_bit30.Q,2.28µm
Inst_LUT4AB_ConfigMem.Inst_Frame12_bit30.Q,2.28µm
Inst_LUT4AB_ConfigMem.Inst_Frame12_bit7.Q,2.28µm
Inst_LUT4AB_ConfigMem.Inst_Frame13_bit5.Q,2.28µm
Inst_LUT4AB_ConfigMem.Inst_Frame8_bit3.Q,2.28µm
Inst_LUT4AB_ConfigMem.Inst_Frame9_bit0.Q,2.28µm
_0410_,2.28µm
Inst_LE_LUT4c_frame_config_dffesr.inst_cus_mux161_buf.A0,2.18µm
Inst_LG_LUT4c_frame_config_dffesr.inst_cus_mux161_buf.A3,2.18µm
_0630_,2.18µm
Inst_LB_LUT4c_frame_config_dffesr.c_out_mux,2.16µm
Inst_LB_LUT4c_frame_config_dffesr.inst_cus_mux161_buf.A6,2.16µm
Inst_LG_LUT4c_frame_config_dffesr.inst_cus_mux161_buf.A2,2.16µm
Inst_LH_LUT4c_frame_config_dffesr.inst_cus_mux161_buf.A3,2.16µm
Inst_LUT4AB_ConfigMem.Inst_Frame10_bit1.Q,2.16µm
Inst_LUT4AB_ConfigMem.Inst_Frame13_bit31.Q,2.16µm
Inst_LUT4AB_ConfigMem.Inst_Frame14_bit14.Q,2.16µm
Inst_LUT4AB_ConfigMem.Inst_Frame3_bit27.Q,2.16µm
Inst_LUT4AB_ConfigMem.Inst_Frame5_bit11.Q,2.16µm
Inst_LUT4AB_ConfigMem.Inst_Frame9_bit4.Q,2.16µm
_0225_,2.16µm
_0335_,2.16µm
_0424_,2.16µm
_0445_,2.16µm
_0466_,2.16µm
_0519_,2.16µm
_0571_,2.16µm
_0594_,2.16µm
_0595_,2.16µm
_0637_,2.16µm
_0667_,2.16µm
Inst_LUT4AB_ConfigMem.Inst_Frame8_bit26.Q,2.11µm
Inst_LH_LUT4c_frame_config_dffesr.inst_cus_mux161_buf.A12,2.06µm
Inst_LD_LUT4c_frame_config_dffesr.inst_cus_mux161_buf.A7,2.04µm
Inst_LUT4AB_ConfigMem.Inst_Frame10_bit31.Q,2.04µm
Inst_LUT4AB_ConfigMem.Inst_Frame10_bit8.Q,2.04µm
Inst_LUT4AB_ConfigMem.Inst_Frame12_bit8.Q,2.04µm
Inst_LUT4AB_ConfigMem.Inst_Frame13_bit7.Q,2.04µm
Inst_LUT4AB_ConfigMem.Inst_Frame14_bit30.Q,2.04µm
Inst_LUT4AB_ConfigMem.Inst_Frame14_bit5.Q,2.04µm
Inst_LUT4AB_ConfigMem.Inst_Frame15_bit2.Q,2.04µm
Inst_LUT4AB_ConfigMem.Inst_Frame15_bit29.Q,2.04µm
Inst_LUT4AB_ConfigMem.Inst_Frame15_bit30.Q,2.04µm
Inst_LUT4AB_ConfigMem.Inst_Frame4_bit30.Q,2.04µm
Inst_LUT4AB_ConfigMem.Inst_Frame5_bit31.Q,2.04µm
Inst_LUT4AB_ConfigMem.Inst_Frame6_bit4.Q,2.04µm
Inst_LUT4AB_ConfigMem.Inst_Frame6_bit5.Q,2.04µm
Inst_LUT4AB_ConfigMem.Inst_Frame8_bit25.Q,2.04µm
Inst_LUT4AB_ConfigMem.Inst_Frame8_bit27.Q,2.04µm
Inst_LUT4AB_ConfigMem.Inst_Frame9_bit20.Q,2.04µm
Inst_LUT4AB_ConfigMem.Inst_Frame9_bit28.Q,2.04µm
Inst_LUT4AB_ConfigMem.Inst_Frame9_bit3.Q,2.04µm
_0056_,2.04µm
_0141_,2.04µm
_0315_,2.04µm
_0504_,2.04µm
net679,2.04µm
_0179_,1.94µm
_0003_,1.865µm
_0013_,1.84µm
_0115_,1.84µm
_0494_,1.84µm
_0548_,1.84µm
_0577_,1.84µm
Inst_LC_LUT4c_frame_config_dffesr.inst_cus_mux161_buf.A4,1.82µm
Inst_LH_LUT4c_frame_config_dffesr.inst_cus_mux161_buf.A13,1.82µm
Inst_LUT4AB_ConfigMem.Inst_Frame10_bit13.Q,1.82µm
Inst_LUT4AB_ConfigMem.Inst_Frame13_bit1.Q,1.82µm
_0589_,1.82µm
_0153_,1.72µm
Inst_LH_LUT4c_frame_config_dffesr.c_reset_value,1.7µm
Inst_LUT4AB_ConfigMem.Inst_Frame10_bit23.Q,1.7µm
Inst_LUT4AB_ConfigMem.Inst_Frame10_bit24.Q,1.7µm
Inst_LUT4AB_ConfigMem.Inst_Frame10_bit29.Q,1.7µm
Inst_LUT4AB_ConfigMem.Inst_Frame10_bit3.Q,1.7µm
Inst_LUT4AB_ConfigMem.Inst_Frame10_bit5.Q,1.7µm
Inst_LUT4AB_ConfigMem.Inst_Frame11_bit31.Q,1.7µm
Inst_LUT4AB_ConfigMem.Inst_Frame11_bit8.Q,1.7µm
Inst_LUT4AB_ConfigMem.Inst_Frame12_bit24.Q,1.7µm
Inst_LUT4AB_ConfigMem.Inst_Frame12_bit28.Q,1.7µm
Inst_LUT4AB_ConfigMem.Inst_Frame14_bit24.Q,1.7µm
Inst_LUT4AB_ConfigMem.Inst_Frame15_bit1.Q,1.7µm
Inst_LUT4AB_ConfigMem.Inst_Frame17_bit0.Q,1.7µm
Inst_LUT4AB_ConfigMem.Inst_Frame19_bit17.Q,1.7µm
Inst_LUT4AB_ConfigMem.Inst_Frame2_bit6.Q,1.7µm
Inst_LUT4AB_ConfigMem.Inst_Frame5_bit25.Q,1.7µm
Inst_LUT4AB_ConfigMem.Inst_Frame5_bit26.Q,1.7µm
Inst_LUT4AB_ConfigMem.Inst_Frame7_bit29.Q,1.7µm
Inst_LUT4AB_ConfigMem.Inst_Frame7_bit4.Q,1.7µm
Inst_LUT4AB_ConfigMem.Inst_Frame7_bit5.Q,1.7µm
Inst_LUT4AB_ConfigMem.Inst_Frame9_bit6.Q,1.7µm
_0162_,1.7µm
_0456_,1.7µm
_0561_,1.7µm
_0569_,1.7µm
Inst_LUT4AB_ConfigMem.Inst_Frame12_bit27.Q,1.65µm
Inst_LUT4AB_ConfigMem.Inst_Frame19_bit19.Q,1.65µm
Inst_LUT4AB_ConfigMem.Inst_Frame5_bit2.Q,1.65µm
_0198_,1.6µm
Inst_LA_LUT4c_frame_config_dffesr.inst_cus_mux161_buf.A7,1.48µm
_0515_,1.48µm
_0614_,1.48µm
_0686_,1.48µm
_0006_,1.405µm
_0057_,1.38µm
_0178_,1.38µm
_0509_,1.38µm
_0596_,1.38µm
Inst_LC_LUT4c_frame_config_dffesr.inst_cus_mux161_buf.A0,1.36µm
Inst_LUT4AB_ConfigMem.Inst_Frame6_bit31.Q,1.36µm
Inst_LUT4AB_ConfigMem.Inst_Frame12_bit1.Q,1.26µm
Inst_LUT4AB_ConfigMem.Inst_Frame5_bit27.Q,1.26µm
_0160_,1.26µm
_0565_,1.26µm
Inst_LUT4AB_ConfigMem.Inst_Frame15_bit4.Q,1.19µm
Inst_LUT4AB_ConfigMem.Inst_Frame7_bit15.Q,1.19µm
Inst_LH_LUT4c_frame_config_dffesr.inst_cus_mux161_buf.A5,1.14µm
Inst_LUT4AB_ConfigMem.Inst_Frame14_bit12.Q,1.14µm
Inst_LUT4AB_ConfigMem.Inst_Frame15_bit31.Q,1.14µm
Inst_LUT4AB_ConfigMem.Inst_Frame18_bit31.Q,1.14µm
_0173_,1.14µm
_0518_,1.14µm
Inst_LB_LUT4c_frame_config_dffesr.c_reset_value,0.92µm
_0320_,0.92µm
_0477_,0.92µm
Inst_LG_LUT4c_frame_config_dffesr.inst_cus_mux161_buf.A10,0.8µm
_0284_,0.8µm
Inst_LUT4AB_ConfigMem.Inst_Frame11_bit10.Q,0.73µm
Inst_LUT4AB_ConfigMem.Inst_Frame12_bit23.Q,0.73µm
Inst_LUT4AB_ConfigMem.Inst_Frame14_bit27.Q,0.73µm
Inst_LUT4AB_ConfigMem.Inst_Frame14_bit7.Q,0.73µm
Inst_LUT4AB_ConfigMem.Inst_Frame7_bit0.Q,0.73µm
_0343_,0.46µm
_0418_,0.46µm
_0645_,0.46µm
